/*
Navicat MySQL Data Transfer

Source Server         : 107.150.28.244_INZOOM
Source Server Version : 50611
Source Host           : 107.150.28.244:3306
Source Database       : qlvip

Target Server Type    : MYSQL
Target Server Version : 50611
File Encoding         : 65001

Date: 2018-06-07 15:39:23
*/

SET FOREIGN_KEY_CHECKS=0;

-- ----------------------------
-- Table structure for sc_bill
-- ----------------------------
DROP TABLE IF EXISTS `sc_bill`;
CREATE TABLE `sc_bill` (
  `no` varchar(255) NOT NULL COMMENT '流水号',
  `type` int(11) DEFAULT '1' COMMENT '单号类型',
  `inputDateTime` datetime DEFAULT NULL COMMENT '时间',
  `originalCost` double DEFAULT '0' COMMENT '原价',
  `salingCost` double DEFAULT '0' COMMENT '销售价',
  `presentCost` double DEFAULT '0' COMMENT '最终价',
  `actuallyPaid` double DEFAULT '0' COMMENT '实际付款',
  `tax` double DEFAULT NULL COMMENT '税',
  `pos_id` int(11) DEFAULT NULL COMMENT 'POS机号',
  `pos_name` varchar(255) DEFAULT NULL COMMENT 'POS名称',
  `customer_id` int(11) DEFAULT '-1' COMMENT '客户id',
  `customer_name` varchar(255) DEFAULT NULL COMMENT '客户名称',
  `cashier_id` int(11) DEFAULT '-1' COMMENT '收银员id',
  `cashier_name` varchar(255) DEFAULT NULL COMMENT '收银员名称',
  `member_no` varchar(255) DEFAULT NULL COMMENT '会员号',
  `member_name` varchar(255) DEFAULT NULL COMMENT '会员名称',
  `voucherNo` varchar(255) DEFAULT NULL COMMENT '交易凭证',
  `remark` varchar(255) DEFAULT NULL COMMENT '备注',
  `abAccountIndex` int(11) DEFAULT '0',
  `state` int(11) DEFAULT '0' COMMENT '订单状态',
  `cloudState` int(11) DEFAULT '0' COMMENT '云上传状态',
  PRIMARY KEY (`no`)
) ENGINE=InnoDB DEFAULT CHARSET=utf8 ROW_FORMAT=COMPACT;

-- ----------------------------
-- Records of sc_bill
-- ----------------------------
INSERT INTO `sc_bill` VALUES ('LS180523010001', '1', '2018-05-23 15:19:01', '10.3', '10.3', '10.3', '10.3', '0', '1', '我的小店', '-1', '', '1001', '默认员工', '', '', '', '', '1', '0', '0');
INSERT INTO `sc_bill` VALUES ('LS180523010002', '1', '2018-05-23 15:19:09', '10.39', '10.39', '10.39', '10.4', '0', '1', '我的小店', '-1', '', '1001', '默认员工', '', '', '', '', '0', '0', '0');
INSERT INTO `sc_bill` VALUES ('LS180524010001', '1', '2018-05-24 16:54:02', '11.3', '11.3', '11.3', '11.3', '0', '1', '我的小店', '-1', '', '1001', '默认员工', '', '', '', '', '2', '0', '0');
INSERT INTO `sc_bill` VALUES ('LS180524010002', '1', '2018-05-24 16:57:33', '67.97', '67.97', '67.97', '68', '0', '1', '我的小店', '-1', '', '1001', '默认员工', '', '', '', '', '2', '0', '0');
INSERT INTO `sc_bill` VALUES ('LS180524010003', '1', '2018-05-24 18:37:56', '22', '22', '22', '22', '0', '1', '芊乐零食屋', '-1', '', '1001', '员工', '', '', '', '', '2', '0', '0');
INSERT INTO `sc_bill` VALUES ('LS180524010004', '1', '2018-05-24 18:38:14', '11', '11', '11', '11', '0', '1', '芊乐零食屋', '-1', '', '1001', '员工', '', '', '', '', '1', '0', '0');
INSERT INTO `sc_bill` VALUES ('LS180524010005', '1', '2018-05-24 18:38:37', '11', '11', '11', '11', '0', '1', '芊乐零食屋', '-1', '', '1001', '员工', '', '', '', '', '0', '0', '0');
INSERT INTO `sc_bill` VALUES ('LS180524010006', '1', '2018-05-24 18:39:08', '6.34', '6.34', '6.34', '6.3', '0', '1', '芊乐零食屋', '-1', '', '1001', '员工', '', '', '', '', '2', '0', '0');
INSERT INTO `sc_bill` VALUES ('LS180524010007', '1', '2018-05-24 18:39:34', '6.34', '6.34', '6.34', '6.3', '0', '1', '芊乐零食屋', '-1', '', '1001', '员工', '', '', '', '', '0', '0', '0');
INSERT INTO `sc_bill` VALUES ('LS180524010008', '1', '2018-05-24 18:39:50', '6.34', '6.34', '6.34', '6.3', '0', '1', '芊乐零食屋', '-1', '', '1001', '员工', '', '', '', '', '1', '0', '0');
INSERT INTO `sc_bill` VALUES ('LS180524010009', '1', '2018-05-24 18:40:59', '6.34', '6.34', '6.34', '6.3', '0', '1', '芊乐零食屋', '-1', '', '1001', '员工', '', '', '', '', '2', '0', '0');
INSERT INTO `sc_bill` VALUES ('LS180524010010', '1', '2018-05-24 18:41:23', '6.34', '6.34', '6.34', '6.3', '0', '1', '芊乐零食屋', '-1', '', '1001', '员工', '', '', '', '', '1', '0', '0');
INSERT INTO `sc_bill` VALUES ('LS180524010011', '1', '2018-05-24 18:42:11', '18.58', '18.58', '18.58', '18.6', '0', '1', '芊乐零食屋', '-1', '', '1001', '员工', '', '', '', '', '1', '0', '0');
INSERT INTO `sc_bill` VALUES ('LS180524010012', '1', '2018-05-24 18:42:46', '18.58', '18.58', '18.58', '18.6', '0', '1', '芊乐零食屋', '-1', '', '1001', '员工', '', '', '', '', '1', '0', '0');
INSERT INTO `sc_bill` VALUES ('LS180524010013', '1', '2018-05-24 18:43:02', '18.58', '18.58', '18.58', '18.6', '0', '1', '芊乐零食屋', '-1', '', '1001', '员工', '', '', '', '', '2', '0', '0');
INSERT INTO `sc_bill` VALUES ('LS180524010014', '1', '2018-05-24 18:43:34', '18.58', '18.58', '18.58', '18.6', '0', '1', '芊乐零食屋', '-1', '', '1001', '员工', '', '', '', '', '0', '0', '0');
INSERT INTO `sc_bill` VALUES ('LS180526010001', '1', '2018-05-26 02:20:50', '1.73', '1.73', '1.73', '1.7', '0', '1', '芊乐零食屋', '-1', '', '1001', '员工', '', '', '', '', '1', '0', '0');
INSERT INTO `sc_bill` VALUES ('LS180526010002', '1', '2018-05-26 02:21:21', '11', '11', '11', '11', '0', '1', '芊乐零食屋', '-1', '', '1001', '员工', '', '', '', '', '0', '0', '0');
INSERT INTO `sc_bill` VALUES ('LS180526010003', '1', '2018-05-26 02:21:46', '11', '11', '11', '11', '0', '1', '芊乐零食屋', '-1', '', '1001', '员工', '', '', '', '', '1', '0', '0');
INSERT INTO `sc_bill` VALUES ('LS180526010004', '1', '2018-05-26 17:42:08', '34.379999999999995', '34.379999999999995', '34.379999999999995', '34.4', '0', '1', '芊乐零食屋', '-1', '', '1001', '员工', '', '', '', '', '2', '0', '0');
INSERT INTO `sc_bill` VALUES ('LS180526010005', '1', '2018-05-26 17:53:19', '55.800000000000004', '50.22', '50.22', '50.2', '0', '1', '芊乐零食屋', '-1', '', '1001', '员工', '', '', '', '', '0', '0', '0');
INSERT INTO `sc_bill` VALUES ('LS180526010006', '1', '2018-05-26 18:07:31', '34.12', '30.720000000000002', '30.720000000000002', '30.7', '0', '1', '芊乐零食屋', '-1', '', '1001', '员工', '', '', '', '', '1', '0', '0');
INSERT INTO `sc_bill` VALUES ('LS180526010007', '1', '2018-05-26 18:10:04', '21.77', '19.59', '19.59', '19.6', '0', '1', '芊乐零食屋', '-1', '', '1001', '员工', '', '', '', '', '0', '0', '0');
INSERT INTO `sc_bill` VALUES ('LS180526010008', '1', '2018-05-26 19:08:52', '84.03999999999999', '75.64', '75.64', '75.6', '0', '1', '芊乐零食屋', '-1', '', '1001', '员工', '', '', '', '', '1', '0', '0');
INSERT INTO `sc_bill` VALUES ('LS180526010009', '1', '2018-05-26 19:18:10', '70.49', '63.43999999999999', '63.43999999999999', '63.4', '0', '1', '芊乐零食屋', '-1', '', '1001', '员工', '', '', '', '', '1', '0', '0');
INSERT INTO `sc_bill` VALUES ('LS180526010010', '1', '2018-05-26 19:19:31', '49', '49', '49', '49', '0', '1', '芊乐零食屋', '-1', '', '1001', '员工', '', '', '', '', '1', '0', '0');
INSERT INTO `sc_bill` VALUES ('LS180526010011', '1', '2018-05-26 19:24:18', '3.44', '3.09', '3.09', '3.1', '0', '1', '芊乐零食屋', '-1', '', '1001', '员工', '', '', '', '', '2', '0', '0');
INSERT INTO `sc_bill` VALUES ('LS180526010012', '1', '2018-05-26 20:18:13', '18.1', '16.29', '16.29', '16.3', '0', '1', '芊乐零食屋', '-1', '', '1001', '员工', '', '', '', '', '1', '0', '0');
INSERT INTO `sc_bill` VALUES ('LS180526010013', '1', '2018-05-26 20:29:39', '13.8', '13.8', '13.8', '13.8', '0', '1', '芊乐零食屋', '-1', '', '1001', '员工', '', '', '', '', '0', '0', '0');
INSERT INTO `sc_bill` VALUES ('LS180526010014', '1', '2018-05-26 20:31:00', '15', '15', '15', '15', '0', '1', '芊乐零食屋', '-1', '', '1001', '员工', '', '', '', '', '2', '0', '0');
INSERT INTO `sc_bill` VALUES ('LS180526010015', '1', '2018-05-26 20:35:37', '21.65', '21.65', '21.65', '21.6', '0', '1', '芊乐零食屋', '-1', '', '1001', '员工', '', '', '', '', '1', '0', '0');
INSERT INTO `sc_bill` VALUES ('LS180526010016', '1', '2018-05-26 20:36:53', '27.21', '24.990000000000002', '24.990000000000002', '25', '0', '1', '芊乐零食屋', '-1', '', '1001', '员工', '', '', '', '', '1', '0', '0');
INSERT INTO `sc_bill` VALUES ('LS180526010017', '1', '2018-05-26 20:40:56', '51.91', '51.91', '51.91', '51.9', '0', '1', '芊乐零食屋', '-1', '', '1001', '员工', '', '', '', '', '2', '0', '0');
INSERT INTO `sc_bill` VALUES ('LS180526010018', '1', '2018-05-26 20:43:36', '23.28', '21.95', '21.95', '21.9', '0', '1', '芊乐零食屋', '-1', '', '1001', '员工', '', '', '', '', '2', '0', '0');
INSERT INTO `sc_bill` VALUES ('LS180526010019', '1', '2018-05-26 20:49:37', '49.19', '46.26', '46.26', '46.3', '0', '1', '芊乐零食屋', '-1', '', '1001', '员工', '', '', '', '', '1', '0', '0');
INSERT INTO `sc_bill` VALUES ('LS180526010020', '1', '2018-05-26 21:13:49', '62.510000000000005', '57.25999999999999', '57.25999999999999', '57.3', '0', '1', '芊乐零食屋', '-1', '', '1001', '员工', '', '', '', '', '0', '0', '0');
INSERT INTO `sc_bill` VALUES ('LS180526010021', '1', '2018-05-26 21:46:53', '13.990000000000002', '13.990000000000002', '13.990000000000002', '14', '0', '1', '芊乐零食屋', '-1', '', '1001', '员工', '', '', '', '', '1', '0', '0');
INSERT INTO `sc_bill` VALUES ('LS180526010022', '1', '2018-05-26 22:15:41', '81.62', '73.47', '73.47', '73.5', '0', '1', '芊乐零食屋', '-1', '', '1001', '员工', '', '', '', '', '1', '0', '0');
INSERT INTO `sc_bill` VALUES ('LS180526010023', '1', '2018-05-26 22:20:25', '34', '34', '34', '34', '0', '1', '芊乐零食屋', '-1', '', '1001', '员工', '', '', '', '', '0', '0', '0');
INSERT INTO `sc_bill` VALUES ('LS180527010001', '1', '2018-05-27 13:01:22', '17.25', '15.52', '15.52', '15.5', '0', '1', '芊乐零食屋', '-1', '', '1001', '员工', '', '', '', '', '0', '0', '0');
INSERT INTO `sc_bill` VALUES ('LS180527010002', '1', '2018-05-27 13:06:03', '20.189999999999998', '18.169999999999998', '18.169999999999998', '18.2', '0', '1', '芊乐零食屋', '-1', '', '1001', '员工', '', '', '', '', '2', '0', '0');
INSERT INTO `sc_bill` VALUES ('LS180527010003', '1', '2018-05-27 13:40:31', '23.32', '23.32', '23.32', '23.3', '0', '1', '芊乐零食屋', '-1', '', '1001', '员工', '', '', '', '', '0', '0', '0');
INSERT INTO `sc_bill` VALUES ('LS180527010004', '1', '2018-05-27 13:50:50', '12.18', '12.18', '12.18', '12.2', '0', '1', '芊乐零食屋', '-1', '', '1001', '员工', '', '', '', '', '1', '0', '0');
INSERT INTO `sc_bill` VALUES ('LS180527010005', '1', '2018-05-27 14:48:29', '14.790000000000001', '13.32', '13.32', '13.3', '0', '1', '芊乐零食屋', '-1', '', '1001', '员工', '', '', '', '', '1', '0', '0');
INSERT INTO `sc_bill` VALUES ('LS180527010006', '1', '2018-05-27 14:51:40', '0.63', '0.63', '0.63', '0.6', '0', '1', '芊乐零食屋', '-1', '', '1001', '员工', '', '', '', '', '1', '0', '0');
INSERT INTO `sc_bill` VALUES ('LS180527010007', '1', '2018-05-27 15:47:18', '15.34', '15.34', '15.34', '15.3', '0', '1', '芊乐零食屋', '-1', '', '1001', '员工', '', '', '', '', '0', '0', '0');
INSERT INTO `sc_bill` VALUES ('LS180527010008', '1', '2018-05-27 16:00:08', '3.01', '3.01', '3.01', '3', '0', '1', '芊乐零食屋', '-1', '', '1001', '员工', '', '', '', '', '1', '0', '0');
INSERT INTO `sc_bill` VALUES ('LS180527010009', '1', '2018-05-27 16:04:35', '1.79', '1.79', '1.79', '1.8', '0', '1', '芊乐零食屋', '-1', '', '1001', '员工', '', '', '', '', '2', '0', '0');
INSERT INTO `sc_bill` VALUES ('LS180527010010', '1', '2018-05-27 16:43:15', '8', '8', '8', '8', '0', '1', '芊乐零食屋', '-1', '', '1001', '员工', '', '', '', '', '2', '0', '0');
INSERT INTO `sc_bill` VALUES ('LS180527010011', '1', '2018-05-27 16:45:33', '34.55', '31.1', '31.1', '31.1', '0', '1', '芊乐零食屋', '-1', '', '1001', '员工', '', '', '', '', '0', '0', '0');
INSERT INTO `sc_bill` VALUES ('LS180527010012', '1', '2018-05-27 16:59:07', '49.53000000000001', '49.53000000000001', '49.53000000000001', '49.5', '0', '1', '芊乐零食屋', '-1', '', '1001', '员工', '', '', '', '', '0', '0', '0');
INSERT INTO `sc_bill` VALUES ('LS180527010013', '1', '2018-05-27 17:32:19', '65.27', '65.27', '65.27', '65.3', '0', '1', '芊乐零食屋', '-1', '', '1001', '员工', '', '', '', '', '0', '0', '0');
INSERT INTO `sc_bill` VALUES ('LS180527010014', '1', '2018-05-27 17:46:39', '24.299999999999997', '24.299999999999997', '24.299999999999997', '24.3', '0', '1', '芊乐零食屋', '-1', '', '1001', '员工', '', '', '', '', '2', '0', '0');
INSERT INTO `sc_bill` VALUES ('LS180527010015', '1', '2018-05-27 18:02:44', '66.32000000000001', '59.68', '59.68', '59.7', '0', '1', '芊乐零食屋', '-1', '', '1001', '员工', '', '', '', '', '2', '0', '0');
INSERT INTO `sc_bill` VALUES ('LS180527010016', '1', '2018-05-27 18:14:54', '14', '12.6', '12.6', '12.6', '0', '1', '芊乐零食屋', '-1', '', '1001', '员工', '', '', '', '', '2', '0', '0');
INSERT INTO `sc_bill` VALUES ('LS180527010017', '1', '2018-05-27 18:16:19', '38.03', '34.23', '34.23', '34.2', '0', '1', '芊乐零食屋', '-1', '', '1001', '员工', '', '', '', '', '1', '0', '0');
INSERT INTO `sc_bill` VALUES ('LS180527010018', '1', '2018-05-27 18:23:47', '20.37', '20.37', '20.37', '20.4', '0', '1', '芊乐零食屋', '-1', '', '1001', '员工', '', '', '', '', '2', '0', '0');
INSERT INTO `sc_bill` VALUES ('LS180527010019', '1', '2018-05-27 18:36:17', '65.44999999999999', '65.44999999999999', '65.44999999999999', '65.4', '0', '1', '芊乐零食屋', '-1', '', '1001', '员工', '', '', '', '', '1', '0', '0');
INSERT INTO `sc_bill` VALUES ('LS180527010020', '1', '2018-05-27 18:40:10', '30.4', '27.37', '27.37', '27.4', '0', '1', '芊乐零食屋', '-1', '', '1001', '员工', '', '', '', '', '0', '0', '0');
INSERT INTO `sc_bill` VALUES ('LS180527010021', '1', '2018-05-27 18:48:18', '16.04', '14.43', '14.43', '14.4', '0', '1', '芊乐零食屋', '-1', '', '1001', '员工', '', '', '', '', '0', '0', '0');
INSERT INTO `sc_bill` VALUES ('LS180527010022', '1', '2018-05-27 19:01:45', '20.81', '18.73', '18.73', '18.7', '0', '1', '芊乐零食屋', '-1', '', '1001', '员工', '', '', '', '', '2', '0', '0');
INSERT INTO `sc_bill` VALUES ('LS180527010023', '1', '2018-05-27 19:32:01', '31.43', '28.3', '28.3', '28.3', '0', '1', '芊乐零食屋', '-1', '', '1001', '员工', '', '', '', '', '0', '0', '0');
INSERT INTO `sc_bill` VALUES ('LS180527010024', '1', '2018-05-27 19:58:58', '15', '13.5', '13.5', '13.5', '0', '1', '芊乐零食屋', '-1', '', '1001', '员工', '', '', '', '', '1', '0', '0');
INSERT INTO `sc_bill` VALUES ('LS180527010025', '1', '2018-05-27 20:05:48', '7.71', '6.94', '6.94', '6.9', '0', '1', '芊乐零食屋', '-1', '', '1001', '员工', '', '', '', '', '0', '0', '0');
INSERT INTO `sc_bill` VALUES ('LS180527010026', '1', '2018-05-27 20:24:34', '64.32', '57.91', '57.91', '57.9', '0', '1', '芊乐零食屋', '-1', '', '1001', '员工', '', '', '', '', '0', '0', '0');
INSERT INTO `sc_bill` VALUES ('LS180527010027', '1', '2018-05-27 20:31:13', '10.88', '9.79', '9.79', '9.8', '0', '1', '芊乐零食屋', '-1', '', '1001', '员工', '', '', '', '', '1', '0', '0');
INSERT INTO `sc_bill` VALUES ('LS180527010028', '1', '2018-05-27 20:56:51', '33.75', '30.380000000000003', '30.380000000000003', '30.4', '0', '1', '芊乐零食屋', '-1', '', '1001', '员工', '', '', '', '', '2', '0', '0');
INSERT INTO `sc_bill` VALUES ('LS180527010029', '1', '2018-05-27 21:27:38', '27', '27', '27', '27', '0', '1', '芊乐零食屋', '-1', '', '1001', '员工', '', '', '', '', '2', '0', '0');
INSERT INTO `sc_bill` VALUES ('LS180527010030', '1', '2018-05-27 23:00:47', '18.36', '16.540000000000003', '16.540000000000003', '16.5', '0', '1', '芊乐零食屋', '-1', '', '1001', '员工', '', '', '', '', '2', '0', '0');
INSERT INTO `sc_bill` VALUES ('LS180528010001', '5', '2018-05-28 14:58:33', '-20', '-20', '-20', '-20', '0', '1', '芊乐零食屋', '-1', '', '1001', '员工', '18050001', '王周悦[000011]', '', '', '0', '0', '0');
INSERT INTO `sc_bill` VALUES ('LS180528010002', '1', '2018-05-28 15:15:42', '5', '5', '5', '5', '0', '1', '芊乐零食屋', '-1', '', '1001', '员工', '18050001', '王周悦[000011]', '', '', '0', '0', '0');
INSERT INTO `sc_bill` VALUES ('LS180528010003', '1', '2018-05-28 15:17:42', '5', '5', '5', '5', '0', '1', '芊乐零食屋', '-1', '', '1001', '员工', '', '', '', '', '2', '0', '0');
INSERT INTO `sc_bill` VALUES ('LS180528010004', '1', '2018-05-28 15:24:08', '60', '57.5', '57.5', '57.5', '0', '1', '芊乐零食屋', '-1', '', '1001', '员工', '18050001', '王周悦[000011]', '', '', '2', '0', '0');
INSERT INTO `sc_bill` VALUES ('LS180528010005', '5', '2018-05-28 15:36:47', '0', '0', '0', '0', '0', '1', '芊乐零食屋', '-1', '', '1001', '员工', '18050002', '依然[000001]', '', '', '1', '0', '0');
INSERT INTO `sc_bill` VALUES ('LS180528010006', '1', '2018-05-28 15:37:28', '155.5', '139.95', '139.95', '139.9', '0', '1', '芊乐零食屋', '-1', '', '1001', '员工', '18050002', '依然[000001]', '', '', '1', '0', '0');
INSERT INTO `sc_bill` VALUES ('LS180528010007', '1', '2018-05-28 15:38:08', '155.5', '139.95', '139.95', '139.9', '0', '1', '芊乐零食屋', '-1', '', '1001', '员工', '18050002', '依然[000001]', '', '', '1', '0', '0');
INSERT INTO `sc_bill` VALUES ('LS180528010008', '1', '2018-05-28 15:39:56', '155.5', '139.95', '139.95', '139.9', '0', '1', '芊乐零食屋', '-1', '', '1001', '员工', '18050002', '依然[000001]', '', '', '2', '0', '0');
INSERT INTO `sc_bill` VALUES ('LS180528010009', '13', '2018-05-28 15:41:49', '0', '0', '0', '0', '0', '1', '芊乐零食屋', '-1', '', '1001', '员工', '18050002', '依然[000001]', '', '', '1', '0', '0');

-- ----------------------------
-- Table structure for sc_bill_item
-- ----------------------------
DROP TABLE IF EXISTS `sc_bill_item`;
CREATE TABLE `sc_bill_item` (
  `bill_no` varchar(255) DEFAULT NULL COMMENT '单号',
  `item_id` int(11) DEFAULT NULL COMMENT '商品id',
  `type` int(11) DEFAULT NULL COMMENT '类型',
  `barcode` varchar(255) DEFAULT NULL COMMENT '条码',
  `name` varchar(255) DEFAULT NULL COMMENT '名称',
  `spec` varchar(255) DEFAULT NULL COMMENT '规格',
  `unit` varchar(255) DEFAULT NULL COMMENT '单位',
  `class_no` varchar(255) DEFAULT NULL COMMENT '分类',
  `combine` varchar(255) DEFAULT NULL COMMENT '组合',
  `supplier_id` int(11) DEFAULT '0' COMMENT '主供应商ID',
  `brand_id` int(11) DEFAULT '0' COMMENT '品牌id',
  `ioFlag` int(11) DEFAULT '-1' COMMENT '出入标识',
  `returnFlag` int(11) DEFAULT '1' COMMENT '退货标识',
  `discountType` int(11) DEFAULT '0' COMMENT '折扣类型',
  `clerkBonusType` int(11) DEFAULT '1' COMMENT '营业员提成类型',
  `clerkBonusValue` double DEFAULT '0' COMMENT '营业员提成比率',
  `jointRate` double DEFAULT '0' COMMENT '联营扣点',
  `taxPoint` double DEFAULT '0' COMMENT '税点',
  `quantity` double DEFAULT '1' COMMENT '数量',
  `originalPrice` double DEFAULT '0' COMMENT '原价',
  `salingPrice` double DEFAULT '0' COMMENT '销售价',
  `presentPrice` double DEFAULT '0' COMMENT '最终价',
  `originalPriceTotal` double DEFAULT NULL COMMENT '原价小计',
  `salingPriceTotal` double DEFAULT '0' COMMENT '销售价小计',
  `presentPriceTotal` double DEFAULT NULL COMMENT '最终价小计',
  `tax` double DEFAULT '0' COMMENT '税',
  `jointAmount` double DEFAULT '0' COMMENT '联营金额',
  `jointPaid` double DEFAULT '0' COMMENT '联营已付',
  `clerkBonusAmount` double DEFAULT '0' COMMENT '营业员提成金额',
  `clerk_id` int(11) DEFAULT '-1' COMMENT '营业员',
  `clerk_name` varchar(255) DEFAULT NULL COMMENT '营业员名称',
  `remark` varchar(255) DEFAULT NULL COMMENT '备注'
) ENGINE=InnoDB DEFAULT CHARSET=utf8 ROW_FORMAT=COMPACT;

-- ----------------------------
-- Records of sc_bill_item
-- ----------------------------
INSERT INTO `sc_bill_item` VALUES ('LS180523010001', '1', '1', '1', '12', '', '默认单位', '18050001', null, '0', '0', '-1', '1', '1', '2', '0', '0', '0', '0.858', '12', '12', '12', '10.3', '10.3', '10.3', '0', '0', '0', '0', '-1', '', '');
INSERT INTO `sc_bill_item` VALUES ('LS180523010002', '1', '1', '1', '12', '', '默认单位', '18050001', null, '0', '0', '-1', '1', '1', '2', '0', '0', '0', '0.866', '12', '12', '12', '10.39', '10.39', '10.39', '0', '0', '0', '0', '-1', '', '');
INSERT INTO `sc_bill_item` VALUES ('LS180524010001', '1', '1', '1', '12', '', '默认单位', '18050001', null, '0', '0', '-1', '1', '1', '2', '0', '0', '0', '0.942', '12', '12', '12', '11.3', '11.3', '11.3', '0', '0', '0', '0', '-1', '', '');
INSERT INTO `sc_bill_item` VALUES ('LS180524010002', '2', '1', '2', '开心果', '', '默认单位', '18050001', null, '0', '0', '-1', '1', '1', '2', '0', '0', '0', '0.944', '72', '72', '72', '67.97', '67.97', '67.97', '0', '0', '0', '0', '-1', '', '');
INSERT INTO `sc_bill_item` VALUES ('LS180524010003', '1', '1', '1', '养乐多', '', '默认单位', '18050001', null, '0', '0', '-1', '1', '1', '2', '0', '0', '0', '2', '11', '11', '11', '22', '22', '22', '0', '0', '0', '0', '-1', '', '');
INSERT INTO `sc_bill_item` VALUES ('LS180524010004', '1', '1', '1', '养乐多', '', '默认单位', '18050001', null, '0', '0', '-1', '1', '1', '2', '0', '0', '0', '1', '11', '11', '11', '11', '11', '11', '0', '0', '0', '0', '-1', '', '');
INSERT INTO `sc_bill_item` VALUES ('LS180524010005', '1', '1', '1', '养乐多', '', '默认单位', '18050001', null, '0', '0', '-1', '1', '1', '2', '0', '0', '0', '1', '11', '11', '11', '11', '11', '11', '0', '0', '0', '0', '-1', '', '');
INSERT INTO `sc_bill_item` VALUES ('LS180524010006', '2', '1', '2', '开心果', '', '默认单位', '18050001', null, '0', '0', '-1', '1', '1', '2', '0', '0', '0', '0.088', '72', '72', '72', '6.34', '6.34', '6.34', '0', '0', '0', '0', '-1', '', '');
INSERT INTO `sc_bill_item` VALUES ('LS180524010007', '2', '1', '2', '开心果', '', '默认单位', '18050001', null, '0', '0', '-1', '1', '1', '2', '0', '0', '0', '0.088', '72', '72', '72', '6.34', '6.34', '6.34', '0', '0', '0', '0', '-1', '', '');
INSERT INTO `sc_bill_item` VALUES ('LS180524010008', '2', '1', '2', '开心果', '', '默认单位', '18050001', null, '0', '0', '-1', '1', '1', '2', '0', '0', '0', '0.088', '72', '72', '72', '6.34', '6.34', '6.34', '0', '0', '0', '0', '-1', '', '');
INSERT INTO `sc_bill_item` VALUES ('LS180524010009', '2', '1', '2', '开心果', '', '默认单位', '18050001', null, '0', '0', '-1', '1', '1', '2', '0', '0', '0', '0.088', '72', '72', '72', '6.34', '6.34', '6.34', '0', '0', '0', '0', '-1', null, '');
INSERT INTO `sc_bill_item` VALUES ('LS180524010010', '2', '1', '2', '开心果', '', '默认单位', '18050001', null, '0', '0', '-1', '1', '1', '2', '0', '0', '0', '0.088', '72', '72', '72', '6.34', '6.34', '6.34', '0', '0', '0', '0', '-1', null, '');
INSERT INTO `sc_bill_item` VALUES ('LS180524010011', '2', '1', '2', '开心果', '', '默认单位', '18050001', null, '0', '0', '-1', '1', '1', '2', '0', '0', '0', '0.258', '72', '72', '72', '18.58', '18.58', '18.58', '0', '0', '0', '0', '-1', null, '');
INSERT INTO `sc_bill_item` VALUES ('LS180524010012', '2', '1', '2', '开心果', '', '默认单位', '18050001', null, '0', '0', '-1', '1', '1', '2', '0', '0', '0', '0.258', '72', '72', '72', '18.58', '18.58', '18.58', '0', '0', '0', '0', '-1', null, '');
INSERT INTO `sc_bill_item` VALUES ('LS180524010013', '2', '1', '2', '开心果', '', '默认单位', '18050001', null, '0', '0', '-1', '1', '1', '2', '0', '0', '0', '0.258', '72', '72', '72', '18.58', '18.58', '18.58', '0', '0', '0', '0', '-1', null, '');
INSERT INTO `sc_bill_item` VALUES ('LS180524010014', '2', '1', '2', '开心果', '', '默认单位', '18050001', null, '0', '0', '-1', '1', '1', '2', '0', '0', '0', '0.258', '72', '72', '72', '18.58', '18.58', '18.58', '0', '0', '0', '0', '-1', null, '');
INSERT INTO `sc_bill_item` VALUES ('LS180526010001', '2', '1', '2', '开心果', '', '默认单位', '18050001', null, '0', '0', '-1', '1', '1', '2', '0', '0', '0', '0.024', '72', '72', '72', '1.73', '1.73', '1.73', '0', '0', '0', '0', '-1', '', '');
INSERT INTO `sc_bill_item` VALUES ('LS180526010002', '1', '1', '1', '养乐多', '', '默认单位', '18050001', null, '0', '0', '-1', '1', '1', '2', '0', '0', '0', '1', '11', '11', '11', '11', '11', '11', '0', '0', '0', '0', '-1', '', '');
INSERT INTO `sc_bill_item` VALUES ('LS180526010003', '1', '1', '1', '养乐多', '', '默认单位', '18050001', null, '0', '0', '-1', '1', '1', '2', '0', '0', '0', '1', '11', '11', '11', '11', '11', '11', '0', '0', '0', '0', '-1', '', '');
INSERT INTO `sc_bill_item` VALUES ('LS180526010004', '35', '1', '000010', '江东村萝卜皮', '', '默认单位', '0', null, '0', '0', '-1', '1', '1', '2', '0', '0', '0', '0.43', '31.6', '31.6', '31.6', '13.59', '13.59', '13.59', '0', '0', '0', '0', '-1', '', '');
INSERT INTO `sc_bill_item` VALUES ('LS180526010004', '38', '1', '000013', '康元饼干', '', '公斤', '0', null, '0', '0', '-1', '1', '1', '2', '0', '0', '0', '0.58', '31.6', '31.6', '31.6', '18.33', '18.33', '18.33', '0', '0', '0', '0', '-1', '', '');
INSERT INTO `sc_bill_item` VALUES ('LS180526010004', '33', '1', '00008', '仟香百辣脆藕片', '', '公斤', '0', null, '0', '0', '-1', '1', '1', '2', '0', '0', '0', '0.062', '39.6', '39.6', '39.6', '2.46', '2.46', '2.46', '0', '0', '0', '0', '-1', '', '');
INSERT INTO `sc_bill_item` VALUES ('LS180526010005', '39', '1', '000014', '卫龙亲嘴烧', '', '公斤', '0', null, '0', '0', '-1', '1', '5', '2', '0', '0', '0', '0.212', '31.6', '28.44', '28.44', '6.7', '6.03', '6.03', '0', '0', '0', '0', '-1', '', '原价:31.6');
INSERT INTO `sc_bill_item` VALUES ('LS180526010005', '38', '1', '000013', '康元饼干', '', '公斤', '0', null, '0', '0', '-1', '1', '5', '2', '0', '0', '0', '0.252', '31.6', '28.44', '28.44', '7.96', '7.17', '7.17', '0', '0', '0', '0', '-1', '', '原价:31.6');
INSERT INTO `sc_bill_item` VALUES ('LS180526010005', '39', '1', '000014', '卫龙亲嘴烧', '', '公斤', '0', null, '0', '0', '-1', '1', '5', '2', '0', '0', '0', '0.05', '31.6', '28.44', '28.44', '1.58', '1.42', '1.42', '0', '0', '0', '0', '-1', '', '原价:31.6');
INSERT INTO `sc_bill_item` VALUES ('LS180526010005', '33', '1', '00008', '仟香百辣脆藕片', '', '公斤', '0', null, '0', '0', '-1', '1', '5', '2', '0', '0', '0', '0.1', '39.6', '35.64', '35.64', '3.96', '3.56', '3.56', '0', '0', '0', '0', '-1', '', '原价:39.6');
INSERT INTO `sc_bill_item` VALUES ('LS180526010005', '33', '1', '00008', '仟香百辣脆藕片', '', '公斤', '0', null, '0', '0', '-1', '1', '5', '2', '0', '0', '0', '0.026', '39.6', '35.64', '35.64', '1.03', '0.93', '0.93', '0', '0', '0', '0', '-1', '', '原价:39.6');
INSERT INTO `sc_bill_item` VALUES ('LS180526010005', '39', '1', '000014', '卫龙亲嘴烧', '', '公斤', '0', null, '0', '0', '-1', '1', '5', '2', '0', '0', '0', '0.016', '31.6', '28.44', '28.44', '0.51', '0.46', '0.46', '0', '0', '0', '0', '-1', '', '原价:31.6');
INSERT INTO `sc_bill_item` VALUES ('LS180526010005', '33', '1', '00008', '仟香百辣脆藕片', '', '公斤', '0', null, '0', '0', '-1', '1', '5', '2', '0', '0', '0', '0.254', '39.6', '35.64', '35.64', '10.06', '9.05', '9.05', '0', '0', '0', '0', '-1', '', '原价:39.6');
INSERT INTO `sc_bill_item` VALUES ('LS180526010005', '3', '1', '6935958001011', '钻石糖', '', '个', '0', null, '0', '0', '-1', '1', '5', '2', '0', '0', '0', '16', '1.5', '1.35', '1.35', '24', '21.6', '21.6', '0', '0', '0', '0', '-1', '', '原价:1.5');
INSERT INTO `sc_bill_item` VALUES ('LS180526010006', '43', '1', '000017', '莎布雷武士曲奇', '', '公斤', '0', null, '0', '0', '-1', '1', '5', '2', '0', '0', '0', '0.12', '64', '57.6', '57.6', '7.68', '6.91', '6.91', '0', '0', '0', '0', '-1', '', '原价:64');
INSERT INTO `sc_bill_item` VALUES ('LS180526010006', '43', '1', '000017', '莎布雷武士曲奇', '', '公斤', '0', null, '0', '0', '-1', '1', '5', '2', '0', '0', '0', '0.102', '64', '57.6', '57.6', '6.53', '5.88', '5.88', '0', '0', '0', '0', '-1', '', '原价:64');
INSERT INTO `sc_bill_item` VALUES ('LS180526010006', '33', '1', '00008', '仟香百辣脆藕片', '', '公斤', '0', null, '0', '0', '-1', '1', '5', '2', '0', '0', '0', '0.096', '39.6', '35.64', '35.64', '3.8', '3.42', '3.42', '0', '0', '0', '0', '-1', '', '原价:39.6');
INSERT INTO `sc_bill_item` VALUES ('LS180526010006', '23', '1', '00001', '小牛酸奶', '', '公斤', '0', null, '0', '0', '-1', '1', '5', '2', '0', '0', '0', '0.098', '21.6', '19.44', '19.44', '2.12', '1.91', '1.91', '0', '0', '0', '0', '-1', '', '原价:21.6');
INSERT INTO `sc_bill_item` VALUES ('LS180526010006', '28', '1', '00004', '小白冻核桃冻/酸豆奶冻', '', '公斤', '0', null, '0', '0', '-1', '1', '5', '2', '0', '0', '0', '0.092', '31.6', '28.44', '28.44', '2.91', '2.62', '2.62', '0', '0', '0', '0', '-1', '', '原价:31.6');
INSERT INTO `sc_bill_item` VALUES ('LS180526010006', '33', '1', '00008', '仟香百辣脆藕片', '', '公斤', '0', null, '0', '0', '-1', '1', '5', '2', '0', '0', '0', '0.026', '39.6', '35.64', '35.64', '1.03', '0.93', '0.93', '0', '0', '0', '0', '-1', '', '原价:39.6');
INSERT INTO `sc_bill_item` VALUES ('LS180526010006', '3', '1', '6935958001011', '钻石糖', '', '个', '0', null, '0', '0', '-1', '1', '5', '2', '0', '0', '0', '2', '1.5', '1.35', '1.35', '3', '2.7', '2.7', '0', '0', '0', '0', '-1', '', '原价:1.5');
INSERT INTO `sc_bill_item` VALUES ('LS180526010006', '41', '1', '000015', '微家铺子茶干', '', '公斤', '0', null, '0', '0', '-1', '1', '5', '2', '0', '0', '0', '0.08', '39.6', '35.64', '35.64', '3.17', '2.85', '2.85', '0', '0', '0', '0', '-1', '', '原价:39.6');
INSERT INTO `sc_bill_item` VALUES ('LS180526010006', '33', '1', '00008', '仟香百辣脆藕片', '', '公斤', '0', null, '0', '0', '-1', '1', '5', '2', '0', '0', '0', '0.056', '39.6', '35.64', '35.64', '2.22', '2', '2', '0', '0', '0', '0', '-1', '', '原价:39.6');
INSERT INTO `sc_bill_item` VALUES ('LS180526010006', '33', '1', '00008', '仟香百辣脆藕片', '', '公斤', '0', null, '0', '0', '-1', '1', '5', '2', '0', '0', '0', '0.042', '39.6', '35.64', '35.64', '1.66', '1.5', '1.5', '0', '0', '0', '0', '-1', '', '原价:39.6');
INSERT INTO `sc_bill_item` VALUES ('LS180526010007', '43', '1', '000017', '莎布雷武士曲奇', '', '公斤', '0', null, '0', '0', '-1', '1', '5', '2', '0', '0', '0', '0.05', '64', '57.6', '57.6', '3.2', '2.88', '2.88', '0', '0', '0', '0', '-1', '', '原价:64');
INSERT INTO `sc_bill_item` VALUES ('LS180526010007', '23', '1', '00001', '小牛酸奶', '', '公斤', '0', null, '0', '0', '-1', '1', '5', '2', '0', '0', '0', '0.204', '21.6', '19.44', '19.44', '4.41', '3.97', '3.97', '0', '0', '0', '0', '-1', '', '原价:21.6');
INSERT INTO `sc_bill_item` VALUES ('LS180526010007', '40', '1', '6901496995068', '麦丽素', '', '公斤', '0', null, '0', '0', '-1', '1', '5', '2', '0', '0', '0', '2', '1.5', '1.35', '1.35', '3', '2.7', '2.7', '0', '0', '0', '0', '-1', '', '原价:1.5');
INSERT INTO `sc_bill_item` VALUES ('LS180526010007', '26', '1', '6971342410151', '妙芙炒酸奶', '', '公斤', '0', null, '0', '0', '-1', '1', '5', '2', '0', '0', '0', '0.126', '31.6', '28.44', '28.44', '3.98', '3.58', '3.58', '0', '0', '0', '0', '-1', '', '原价:31.6');
INSERT INTO `sc_bill_item` VALUES ('LS180526010007', '28', '1', '00004', '小白冻核桃冻/酸豆奶冻', '', '公斤', '0', null, '0', '0', '-1', '1', '5', '2', '0', '0', '0', '0.092', '31.6', '28.44', '28.44', '2.91', '2.62', '2.62', '0', '0', '0', '0', '-1', '', '原价:31.6');
INSERT INTO `sc_bill_item` VALUES ('LS180526010007', '3', '1', '6935958001011', '钻石糖', '', '个', '0', null, '0', '0', '-1', '1', '5', '2', '0', '0', '0', '2', '1.5', '1.35', '1.35', '3', '2.7', '2.7', '0', '0', '0', '0', '-1', '', '原价:1.5');
INSERT INTO `sc_bill_item` VALUES ('LS180526010007', '33', '1', '00008', '仟香百辣脆藕片', '', '公斤', '0', null, '0', '0', '-1', '1', '5', '2', '0', '0', '0', '0.032', '39.6', '35.64', '35.64', '1.27', '1.14', '1.14', '0', '0', '0', '0', '-1', '', '原价:39.6');
INSERT INTO `sc_bill_item` VALUES ('LS180526010008', '52', '1', '8993175537445', '丽芝士纳宝帝奶酪味饼干', '', '包', '0', null, '0', '0', '-1', '1', '5', '2', '0', '0', '0', '1', '3', '2.7', '2.7', '3', '2.7', '2.7', '0', '0', '0', '0', '-1', '', '原价:3');
INSERT INTO `sc_bill_item` VALUES ('LS180526010008', '23', '1', '00001', '小牛酸奶', '', '公斤', '0', null, '0', '0', '-1', '1', '5', '2', '0', '0', '0', '0.308', '21.6', '19.44', '19.44', '6.65', '5.99', '5.99', '0', '0', '0', '0', '-1', '', '原价:21.6');
INSERT INTO `sc_bill_item` VALUES ('LS180526010008', '61', '1', '000029', '嘉友大奶牛', '', '公斤', '0', null, '0', '0', '-1', '1', '5', '2', '0', '0', '0', '0.08', '39.6', '35.64', '35.64', '3.17', '2.85', '2.85', '0', '0', '0', '0', '-1', '', '原价:39.6');
INSERT INTO `sc_bill_item` VALUES ('LS180526010008', '55', '1', '6959479300316', '沃隆每日坚果', '', '包', '0', null, '0', '0', '-1', '1', '5', '2', '0', '0', '0', '2', '4.5', '4.05', '4.05', '9', '8.1', '8.1', '0', '0', '0', '0', '-1', '', '原价:4.5');
INSERT INTO `sc_bill_item` VALUES ('LS180526010008', '56', '1', '000026', '水军蟹香/海鲜锅巴', '', '默认单位', '0', null, '0', '0', '-1', '1', '5', '2', '0', '0', '0', '0.104', '58', '52.2', '52.2', '6.03', '5.43', '5.43', '0', '0', '0', '0', '-1', '', '原价:58');
INSERT INTO `sc_bill_item` VALUES ('LS180526010008', '54', '1', '000025', '小白心里软', '', '公斤', '0', null, '0', '0', '-1', '1', '5', '2', '0', '0', '0', '0.176', '47.6', '42.84', '42.84', '8.38', '7.54', '7.54', '0', '0', '0', '0', '-1', '', '原价:47.6');
INSERT INTO `sc_bill_item` VALUES ('LS180526010008', '60', '1', '6950254900394', '夏果蜂蜜柠檬', '', '包', '0', null, '0', '0', '-1', '1', '5', '2', '0', '0', '0', '3', '2.5', '2.25', '2.25', '7.5', '6.75', '6.75', '0', '0', '0', '0', '-1', '', '原价:2.5');
INSERT INTO `sc_bill_item` VALUES ('LS180526010008', '50', '1', '000023', '芭米牛扎饼', '', '公斤', '0', null, '0', '0', '-1', '1', '5', '2', '0', '0', '0', '0.066', '47.6', '42.84', '42.84', '3.14', '2.83', '2.83', '0', '0', '0', '0', '-1', '', '原价:47.6');
INSERT INTO `sc_bill_item` VALUES ('LS180526010008', '49', '1', '000022', '芭米牛轧奶芙', '', '公斤', '0', null, '0', '0', '-1', '1', '5', '2', '0', '0', '0', '0.078', '47.6', '42.84', '42.84', '3.71', '3.34', '3.34', '0', '0', '0', '0', '-1', '', '原价:47.6');
INSERT INTO `sc_bill_item` VALUES ('LS180526010008', '59', '1', '6947366907533', '舒润达奶茶', '', '包', '0', null, '0', '0', '-1', '1', '5', '2', '0', '0', '0', '4', '3', '2.7', '2.7', '12', '10.8', '10.8', '0', '0', '0', '0', '-1', '', '原价:3');
INSERT INTO `sc_bill_item` VALUES ('LS180526010008', '43', '1', '000017', '莎布雷武士曲奇', '', '公斤', '0', null, '0', '0', '-1', '1', '5', '2', '0', '0', '0', '0.138', '64', '57.6', '57.6', '8.83', '7.95', '7.95', '0', '0', '0', '0', '-1', '', '原价:64');
INSERT INTO `sc_bill_item` VALUES ('LS180526010008', '51', '1', '000024', '法丽滋曲奇', '', '公斤', '0', null, '0', '0', '-1', '1', '5', '2', '0', '0', '0', '0.078', '47.6', '42.84', '42.84', '3.71', '3.34', '3.34', '0', '0', '0', '0', '-1', '', '原价:47.6');
INSERT INTO `sc_bill_item` VALUES ('LS180526010008', '53', '1', '6949187398828', '手工原味蛋糕', '', '公斤', '0', null, '0', '0', '-1', '1', '5', '2', '0', '0', '0', '0.128', '39.6', '35.64', '35.64', '5.07', '4.56', '4.56', '0', '0', '0', '0', '-1', '', '原价:39.6');
INSERT INTO `sc_bill_item` VALUES ('LS180526010008', '57', '1', '000027', '董小姐系列', '', '公斤', '0', null, '0', '0', '-1', '1', '5', '2', '0', '0', '0', '0.028', '47.6', '42.84', '42.84', '1.33', '1.2', '1.2', '0', '0', '0', '0', '-1', '', '原价:47.6');
INSERT INTO `sc_bill_item` VALUES ('LS180526010008', '58', '1', '000028', '麦初心语蛋糕', '', '公斤', '0', null, '0', '0', '-1', '1', '5', '2', '0', '0', '0', '0.03', '39.6', '35.64', '35.64', '1.19', '1.07', '1.07', '0', '0', '0', '0', '-1', '', '原价:39.6');
INSERT INTO `sc_bill_item` VALUES ('LS180526010008', '62', '1', '000030', '疯狂饼干城', '', '公斤', '0', null, '0', '0', '-1', '1', '5', '2', '0', '0', '0', '0.042', '31.6', '28.44', '28.44', '1.33', '1.19', '1.19', '0', '0', '0', '0', '-1', '', '原价:31.6');
INSERT INTO `sc_bill_item` VALUES ('LS180526010009', '63', '1', '000031', '百年树榴莲干', '', '公斤', '0', null, '0', '0', '-1', '1', '5', '2', '0', '0', '0', '0.096', '358', '322.2', '322.2', '34.37', '30.93', '30.93', '0', '0', '0', '0', '-1', '', '原价:358');
INSERT INTO `sc_bill_item` VALUES ('LS180526010009', '65', '1', '000034', '汉胜堂虎皮凤爪', '', '公斤', '0', null, '0', '0', '-1', '1', '5', '2', '0', '0', '0', '0.1', '71.6', '64.44', '64.44', '7.16', '6.44', '6.44', '0', '0', '0', '0', '-1', '', '原价:71.6');
INSERT INTO `sc_bill_item` VALUES ('LS180526010009', '55', '1', '6959479300316', '沃隆每日坚果', '', '包', '0', null, '0', '0', '-1', '1', '5', '2', '0', '0', '0', '1', '4.5', '4.05', '4.05', '4.5', '4.05', '4.05', '0', '0', '0', '0', '-1', '', '原价:4.5');
INSERT INTO `sc_bill_item` VALUES ('LS180526010009', '42', '1', '000016', '小黄鱼', '', '公斤', '0', null, '0', '0', '-1', '1', '5', '2', '0', '0', '0', '0.058', '98', '88.2', '88.2', '5.68', '5.12', '5.12', '0', '0', '0', '0', '-1', '', '原价:98');
INSERT INTO `sc_bill_item` VALUES ('LS180526010009', '64', '1', '000033', '好利达鳕鱼片', '', '公斤', '0', null, '0', '0', '-1', '1', '5', '2', '0', '0', '0', '0.04', '116', '104.4', '104.4', '4.64', '4.18', '4.18', '0', '0', '0', '0', '-1', '', '原价:116');
INSERT INTO `sc_bill_item` VALUES ('LS180526010009', '56', '1', '000026', '水军蟹香/海鲜锅巴', '', '默认单位', '0', null, '0', '0', '-1', '1', '5', '2', '0', '0', '0', '0.122', '58', '52.2', '52.2', '7.08', '6.37', '6.37', '0', '0', '0', '0', '-1', '', '原价:58');
INSERT INTO `sc_bill_item` VALUES ('LS180526010009', '42', '1', '000016', '小黄鱼', '', '公斤', '0', null, '0', '0', '-1', '1', '5', '2', '0', '0', '0', '0.072', '98', '88.2', '88.2', '7.06', '6.35', '6.35', '0', '0', '0', '0', '-1', '', '原价:98');
INSERT INTO `sc_bill_item` VALUES ('LS180526010010', '16', '1', '8809420330696', 'zek蜂蜜柚子茶', '', '瓶', '0', null, '0', '0', '-1', '1', '1', '2', '0', '0', '0', '1', '49', '49', '49', '49', '49', '49', '0', '0', '0', '0', '-1', '', '');
INSERT INTO `sc_bill_item` VALUES ('LS180526010011', '65', '1', '000034', '汉胜堂虎皮凤爪', '', '公斤', '0', null, '0', '0', '-1', '1', '5', '2', '0', '0', '0', '0.048', '71.6', '64.44', '64.44', '3.44', '3.09', '3.09', '0', '0', '0', '0', '-1', '', '原价:71.6');
INSERT INTO `sc_bill_item` VALUES ('LS180526010012', '17', '1', '697055951999', '鑫宇石季黄桃罐头', '', '瓶', '0', null, '0', '0', '-1', '1', '5', '2', '0', '0', '0', '1', '8.5', '7.65', '7.65', '8.5', '7.65', '7.65', '0', '0', '0', '0', '-1', '', '原价:8.5');
INSERT INTO `sc_bill_item` VALUES ('LS180526010012', '34', '1', '00009', '炎亭渔夫鱼豆腐', '', '公斤', '0', null, '0', '0', '-1', '1', '5', '2', '0', '0', '0', '0.186', '51.6', '46.44', '46.44', '9.6', '8.64', '8.64', '0', '0', '0', '0', '-1', '', '原价:51.6');
INSERT INTO `sc_bill_item` VALUES ('LS180526010013', '18', '1', '6927583705693', '小猪佩奇哨子', '', '个', '0', null, '0', '0', '-1', '1', '1', '2', '0', '0', '0', '1', '13.8', '13.8', '13.8', '13.8', '13.8', '13.8', '0', '0', '0', '0', '-1', '', '');
INSERT INTO `sc_bill_item` VALUES ('LS180526010014', '19', '1', '6971604850053', '小猪佩奇手表', '', '个', '0', null, '0', '0', '-1', '1', '1', '2', '0', '0', '0', '1', '15', '15', '15', '15', '15', '15', '0', '0', '0', '0', '-1', '', '');
INSERT INTO `sc_bill_item` VALUES ('LS180526010015', '39', '1', '000014', '卫龙亲嘴烧', '', '公斤', '0', null, '0', '0', '-1', '1', '1', '2', '0', '0', '0', '0.164', '31.6', '31.6', '31.6', '5.18', '5.18', '5.18', '0', '0', '0', '0', '-1', '', '');
INSERT INTO `sc_bill_item` VALUES ('LS180526010015', '63', '1', '000031', '百年树榴莲干', '', '公斤', '0', null, '0', '0', '-1', '1', '1', '2', '0', '0', '0', '0.046', '358', '358', '358', '16.47', '16.47', '16.47', '0', '0', '0', '0', '-1', '', '');
INSERT INTO `sc_bill_item` VALUES ('LS180526010016', '39', '1', '000014', '卫龙亲嘴烧', '', '公斤', '0', null, '0', '0', '-1', '1', '5', '2', '0', '0', '0', '0.052', '31.6', '28.44', '28.44', '1.64', '1.48', '1.48', '0', '0', '0', '0', '-1', '', '原价:31.6');
INSERT INTO `sc_bill_item` VALUES ('LS180526010016', '15', '1', '6970741980708', '水军糯米锅巴', '', '包', '0', null, '0', '0', '-1', '1', '5', '2', '0', '0', '0', '1', '15', '13.5', '13.5', '15', '13.5', '13.5', '0', '0', '0', '0', '-1', '', '原价:15');
INSERT INTO `sc_bill_item` VALUES ('LS180526010016', '7', '1', '6902083914370', '娃哈哈钙多多', '', '个', '0', null, '0', '0', '-1', '1', '1', '2', '0', '0', '0', '1', '5', '5', '5', '5', '5', '5', '0', '0', '0', '0', '-1', '', null);
INSERT INTO `sc_bill_item` VALUES ('LS180526010016', '85', '1', '000051', '毛雄辉辣条', '', '公斤', '0', null, '0', '0', '-1', '1', '5', '2', '0', '0', '0', '0.056', '31.6', '28.44', '28.44', '1.77', '1.59', '1.59', '0', '0', '0', '0', '-1', '', '原价:31.6');
INSERT INTO `sc_bill_item` VALUES ('LS180526010016', '88', '1', '000054', '宏泰记系列', '', '公斤', '0', null, '0', '0', '-1', '1', '5', '2', '0', '0', '0', '0.096', '39.6', '35.64', '35.64', '3.8', '3.42', '3.42', '0', '0', '0', '0', '-1', '', '原价:39.6');
INSERT INTO `sc_bill_item` VALUES ('LS180526010017', '79', '1', '6935284413700', '卫龙大辣棒', '', '包', '0', null, '0', '0', '-1', '1', '1', '2', '0', '0', '0', '1', '3', '3', '3', '3', '3', '3', '0', '0', '0', '0', '-1', '', '');
INSERT INTO `sc_bill_item` VALUES ('LS180526010017', '95', '1', '000061', '百年树黄秋葵', '', '包', '0', null, '0', '0', '-1', '1', '1', '2', '0', '0', '0', '0.04', '210', '210', '210', '8.4', '8.4', '8.4', '0', '0', '0', '0', '-1', '', '');
INSERT INTO `sc_bill_item` VALUES ('LS180526010017', '28', '1', '00004', '小白冻核桃冻/酸豆奶冻', '', '公斤', '0', null, '0', '0', '-1', '1', '1', '2', '0', '0', '0', '0.17', '31.6', '31.6', '31.6', '5.37', '5.37', '5.37', '0', '0', '0', '0', '-1', '', '');
INSERT INTO `sc_bill_item` VALUES ('LS180526010017', '23', '1', '00001', '小牛酸奶', '', '公斤', '0', null, '0', '0', '-1', '1', '1', '2', '0', '0', '0', '0.208', '21.6', '21.6', '21.6', '4.49', '4.49', '4.49', '0', '0', '0', '0', '-1', '', '');
INSERT INTO `sc_bill_item` VALUES ('LS180526010017', '75', '1', '000047', '天一角鱿鱼仔', '', '公斤', '0', null, '0', '0', '-1', '1', '1', '2', '0', '0', '0', '0.094', '98', '98', '98', '9.21', '9.21', '9.21', '0', '0', '0', '0', '-1', '', '');
INSERT INTO `sc_bill_item` VALUES ('LS180526010017', '25', '1', '00003', '果不离生榨椰子冻', '', '公斤', '0', null, '0', '0', '-1', '1', '1', '2', '0', '0', '0', '0.102', '31.6', '31.6', '31.6', '3.22', '3.22', '3.22', '0', '0', '0', '0', '-1', '', '');
INSERT INTO `sc_bill_item` VALUES ('LS180526010017', '77', '1', '000049', '卫龙小面筋', '', '公斤', '0', null, '0', '0', '-1', '1', '1', '2', '0', '0', '0', '0.134', '31.6', '31.6', '31.6', '4.23', '4.23', '4.23', '0', '0', '0', '0', '-1', '', '');
INSERT INTO `sc_bill_item` VALUES ('LS180526010017', '39', '1', '000014', '卫龙亲嘴烧', '', '公斤', '0', null, '0', '0', '-1', '1', '1', '2', '0', '0', '0', '0.102', '31.6', '31.6', '31.6', '3.22', '3.22', '3.22', '0', '0', '0', '0', '-1', '', '');
INSERT INTO `sc_bill_item` VALUES ('LS180526010017', '75', '1', '000047', '天一角鱿鱼仔', '', '公斤', '0', null, '0', '0', '-1', '1', '1', '2', '0', '0', '0', '0.032', '98', '98', '98', '3.14', '3.14', '3.14', '0', '0', '0', '0', '-1', '', '');
INSERT INTO `sc_bill_item` VALUES ('LS180526010017', '34', '1', '00009', '炎亭渔夫鱼豆腐', '', '公斤', '0', null, '0', '0', '-1', '1', '1', '2', '0', '0', '0', '0.042', '51.6', '51.6', '51.6', '2.17', '2.17', '2.17', '0', '0', '0', '0', '-1', '', '');
INSERT INTO `sc_bill_item` VALUES ('LS180526010017', '36', '1', '000011', '微家烤素肉', '', '公斤', '0', null, '0', '0', '-1', '1', '1', '2', '0', '0', '0', '0.058', '39.6', '39.6', '39.6', '2.3', '2.3', '2.3', '0', '0', '0', '0', '-1', '', '');
INSERT INTO `sc_bill_item` VALUES ('LS180526010017', '44', '1', '000018', '魏文清豆腐', '', '公斤', '0', null, '0', '0', '-1', '1', '1', '2', '0', '0', '0', '0.1', '31.6', '31.6', '31.6', '3.16', '3.16', '3.16', '0', '0', '0', '0', '-1', '', '');
INSERT INTO `sc_bill_item` VALUES ('LS180526010018', '10', '1', '6971117600015', '氺恋湾', '', '瓶', '0', null, '0', '0', '-1', '1', '1', '2', '0', '0', '0', '1', '10', '10', '10', '10', '10', '10', '0', '0', '0', '0', '-1', '', null);
INSERT INTO `sc_bill_item` VALUES ('LS180526010018', '64', '1', '000033', '好利达鳕鱼片', '', '公斤', '0', null, '0', '0', '-1', '1', '5', '2', '0', '0', '0', '0.086', '116', '104.4', '104.4', '9.98', '8.98', '8.98', '0', '0', '0', '0', '-1', '', '原价:116');
INSERT INTO `sc_bill_item` VALUES ('LS180526010018', '72', '1', '000032', '无锡酱排骨', '', '公斤', '0', null, '0', '0', '-1', '1', '5', '2', '0', '0', '0', '0.03', '110', '99', '99', '3.3', '2.97', '2.97', '0', '0', '0', '0', '-1', '', '原价:110');
INSERT INTO `sc_bill_item` VALUES ('LS180526010019', '7', '1', '6902083914370', '娃哈哈钙多多', '', '个', '0', null, '0', '0', '-1', '1', '1', '2', '0', '0', '0', '4', '5', '5', '5', '20', '20', '20', '0', '0', '0', '0', '-1', '', null);
INSERT INTO `sc_bill_item` VALUES ('LS180526010019', '77', '1', '000049', '卫龙小面筋', '', '公斤', '0', null, '0', '0', '-1', '1', '5', '2', '0', '0', '0', '0.098', '31.6', '28.44', '28.44', '3.1', '2.79', '2.79', '0', '0', '0', '0', '-1', '', '原价:31.6');
INSERT INTO `sc_bill_item` VALUES ('LS180526010019', '61', '1', '000029', '嘉友大奶牛', '', '公斤', '0', null, '0', '0', '-1', '1', '5', '2', '0', '0', '0', '0.084', '39.6', '35.64', '35.64', '3.33', '2.99', '2.99', '0', '0', '0', '0', '-1', '', '原价:39.6');
INSERT INTO `sc_bill_item` VALUES ('LS180526010019', '87', '1', '000053', '沈师傅鸡蛋干', '', '公斤', '0', null, '0', '0', '-1', '1', '5', '2', '0', '0', '0', '0.144', '51.6', '46.44', '46.44', '7.43', '6.69', '6.69', '0', '0', '0', '0', '-1', '', '原价:51.6');
INSERT INTO `sc_bill_item` VALUES ('LS180526010019', '39', '1', '000014', '卫龙亲嘴烧', '', '公斤', '0', null, '0', '0', '-1', '1', '5', '2', '0', '0', '0', '0.064', '31.6', '28.44', '28.44', '2.02', '1.82', '1.82', '0', '0', '0', '0', '-1', '', '原价:31.6');
INSERT INTO `sc_bill_item` VALUES ('LS180526010019', '34', '1', '00009', '炎亭渔夫鱼豆腐', '', '公斤', '0', null, '0', '0', '-1', '1', '5', '2', '0', '0', '0', '0.216', '51.6', '46.44', '46.44', '11.15', '10.03', '10.03', '0', '0', '0', '0', '-1', '', '原价:51.6');
INSERT INTO `sc_bill_item` VALUES ('LS180526010019', '75', '1', '000047', '天一角鱿鱼仔', '', '公斤', '0', null, '0', '0', '-1', '1', '5', '2', '0', '0', '0', '0.022', '98', '88.2', '88.2', '2.16', '1.94', '1.94', '0', '0', '0', '0', '-1', '', '原价:98');
INSERT INTO `sc_bill_item` VALUES ('LS180526010020', '73', '1', '000045', '骥洋虎皮凤爪', '', '公斤', '0', null, '0', '0', '-1', '1', '5', '2', '0', '0', '0', '0.19', '71.6', '64.44', '64.44', '13.6', '12.24', '12.24', '0', '0', '0', '0', '-1', '', '原价:71.6');
INSERT INTO `sc_bill_item` VALUES ('LS180526010020', '35', '1', '000010', '江东村萝卜皮', '', '默认单位', '0', null, '0', '0', '-1', '1', '5', '2', '0', '0', '0', '0.076', '31.6', '28.44', '28.44', '2.4', '2.16', '2.16', '0', '0', '0', '0', '-1', '', '原价:31.6');
INSERT INTO `sc_bill_item` VALUES ('LS180526010020', '32', '1', '00007', '金大洲金针菇', '', '公斤', '0', null, '0', '0', '-1', '1', '5', '2', '0', '0', '0', '0.1', '51.6', '46.44', '46.44', '5.16', '4.64', '4.64', '0', '0', '0', '0', '-1', '', '原价:51.6');
INSERT INTO `sc_bill_item` VALUES ('LS180526010020', '75', '1', '000047', '天一角鱿鱼仔', '', '公斤', '0', null, '0', '0', '-1', '1', '5', '2', '0', '0', '0', '0.13', '98', '88.2', '88.2', '12.74', '11.47', '11.47', '0', '0', '0', '0', '-1', '', '原价:98');
INSERT INTO `sc_bill_item` VALUES ('LS180526010020', '33', '1', '00008', '仟香百辣脆藕片', '', '公斤', '0', null, '0', '0', '-1', '1', '5', '2', '0', '0', '0', '0.206', '39.6', '35.64', '35.64', '8.16', '7.34', '7.34', '0', '0', '0', '0', '-1', '', '原价:39.6');
INSERT INTO `sc_bill_item` VALUES ('LS180526010020', '70', '1', '000039', '久久丫鸭脖', '', '公斤', '0', null, '0', '0', '-1', '1', '5', '2', '0', '0', '0', '0.146', '71.6', '64.44', '64.44', '10.45', '9.41', '9.41', '0', '0', '0', '0', '-1', '', '原价:71.6');
INSERT INTO `sc_bill_item` VALUES ('LS180526010020', '10', '1', '6971117600015', '氺恋湾', '', '瓶', '0', null, '0', '0', '-1', '1', '1', '2', '0', '0', '0', '1', '10', '10', '10', '10', '10', '10', '0', '0', '0', '0', '-1', '', null);
INSERT INTO `sc_bill_item` VALUES ('LS180526010021', '87', '1', '000053', '沈师傅鸡蛋干', '', '公斤', '0', null, '0', '0', '-1', '1', '1', '2', '0', '0', '0', '0.086', '51.6', '51.6', '51.6', '4.44', '4.44', '4.44', '0', '0', '0', '0', '-1', '', '');
INSERT INTO `sc_bill_item` VALUES ('LS180526010021', '29', '1', '00005', '华美世家果冻', '', '公斤', '0', null, '0', '0', '-1', '1', '1', '2', '0', '0', '0', '0.442', '21.6', '21.6', '21.6', '9.55', '9.55', '9.55', '0', '0', '0', '0', '-1', '', '');
INSERT INTO `sc_bill_item` VALUES ('LS180526010022', '125', '1', '000084', '小猪佩奇麻花', '', '公斤', '0', null, '0', '0', '-1', '1', '5', '2', '0', '0', '0', '0.172', '39.6', '35.64', '35.64', '6.81', '6.13', '6.13', '0', '0', '0', '0', '-1', '', '原价:39.6');
INSERT INTO `sc_bill_item` VALUES ('LS180526010022', '122', '1', '6933096958617', '酥香阁瓜子仁', '', '公斤', '0', null, '0', '0', '-1', '1', '5', '2', '0', '0', '0', '0.458', '27.6', '24.84', '24.84', '12.64', '11.38', '11.38', '0', '0', '0', '0', '-1', '', '原价:27.6');
INSERT INTO `sc_bill_item` VALUES ('LS180526010022', '43', '1', '000017', '莎布雷武士曲奇', '', '公斤', '0', null, '0', '0', '-1', '1', '5', '2', '0', '0', '0', '0.104', '64', '57.6', '57.6', '6.66', '5.99', '5.99', '0', '0', '0', '0', '-1', '', '原价:64');
INSERT INTO `sc_bill_item` VALUES ('LS180526010022', '49', '1', '000022', '芭米牛轧奶芙', '', '公斤', '0', null, '0', '0', '-1', '1', '5', '2', '0', '0', '0', '0.148', '47.6', '42.84', '42.84', '7.04', '6.34', '6.34', '0', '0', '0', '0', '-1', '', '原价:47.6');
INSERT INTO `sc_bill_item` VALUES ('LS180526010022', '96', '1', '000063', '百年树香菇脆', '', '公斤', '0', null, '0', '0', '-1', '1', '5', '2', '0', '0', '0', '0.154', '150', '135', '135', '23.1', '20.79', '20.79', '0', '0', '0', '0', '-1', '', '原价:150');
INSERT INTO `sc_bill_item` VALUES ('LS180526010022', '100', '1', '000066', '百年树综合果蔬干', '', '公斤', '0', null, '0', '0', '-1', '1', '5', '2', '0', '0', '0', '0.234', '71.6', '64.44', '64.44', '16.75', '15.08', '15.08', '0', '0', '0', '0', '-1', '', '原价:71.6');
INSERT INTO `sc_bill_item` VALUES ('LS180526010022', '47', '1', '000020', '爽露爽米酿', '', '公斤', '0', null, '0', '0', '-1', '1', '5', '2', '0', '0', '0', '0.18', '31.6', '28.44', '28.44', '5.69', '5.12', '5.12', '0', '0', '0', '0', '-1', '', '原价:31.6');
INSERT INTO `sc_bill_item` VALUES ('LS180526010022', '84', '1', '000043', '小滋时光山楂卷', '', '公斤', '0', null, '0', '0', '-1', '1', '5', '2', '0', '0', '0', '0.074', '39.6', '35.64', '35.64', '2.93', '2.64', '2.64', '0', '0', '0', '0', '-1', '', '原价:39.6');
INSERT INTO `sc_bill_item` VALUES ('LS180526010023', '17', '1', '697055951999', '鑫宇石季黄桃罐头', '', '瓶', '0', null, '0', '0', '-1', '1', '1', '2', '0', '0', '0', '4', '8.5', '8.5', '8.5', '34', '34', '34', '0', '0', '0', '0', '-1', '', '');
INSERT INTO `sc_bill_item` VALUES ('LS180527010001', '42', '1', '000016', '小黄鱼', '', '公斤', '0', null, '0', '0', '-1', '1', '5', '2', '0', '0', '0', '0.176', '98', '88.2', '88.2', '17.25', '15.52', '15.52', '0', '0', '0', '0', '-1', null, '原价:98');
INSERT INTO `sc_bill_item` VALUES ('LS180527010002', '53', '1', '6949187398828', '手工原味蛋糕', '', '公斤', '0', null, '0', '0', '-1', '1', '5', '2', '0', '0', '0', '0.252', '39.6', '35.64', '35.64', '9.98', '8.98', '8.98', '0', '0', '0', '0', '-1', null, '原价:39.6');
INSERT INTO `sc_bill_item` VALUES ('LS180527010002', '77', '1', '000049', '卫龙小面筋', '', '公斤', '0', null, '0', '0', '-1', '1', '5', '2', '0', '0', '0', '0.054', '31.6', '28.44', '28.44', '1.71', '1.54', '1.54', '0', '0', '0', '0', '-1', null, '原价:31.6');
INSERT INTO `sc_bill_item` VALUES ('LS180527010002', '33', '1', '00008', '仟香百辣脆藕片', '', '公斤', '0', null, '0', '0', '-1', '1', '5', '2', '0', '0', '0', '0.068', '39.6', '35.64', '35.64', '2.69', '2.42', '2.42', '0', '0', '0', '0', '-1', null, '原价:39.6');
INSERT INTO `sc_bill_item` VALUES ('LS180527010002', '33', '1', '00008', '仟香百辣脆藕片', '', '公斤', '0', null, '0', '0', '-1', '1', '5', '2', '0', '0', '0', '0.038', '39.6', '35.64', '35.64', '1.5', '1.35', '1.35', '0', '0', '0', '0', '-1', null, '原价:39.6');
INSERT INTO `sc_bill_item` VALUES ('LS180527010002', '39', '1', '000014', '卫龙亲嘴烧', '', '公斤', '0', null, '0', '0', '-1', '1', '5', '2', '0', '0', '0', '0.066', '31.6', '28.44', '28.44', '2.09', '1.88', '1.88', '0', '0', '0', '0', '-1', null, '原价:31.6');
INSERT INTO `sc_bill_item` VALUES ('LS180527010002', '53', '1', '6949187398828', '手工原味蛋糕', '', '公斤', '0', null, '0', '0', '-1', '1', '5', '2', '0', '0', '0', '0.056', '39.6', '35.64', '35.64', '2.22', '2', '2', '0', '0', '0', '0', '-1', null, '原价:39.6');
INSERT INTO `sc_bill_item` VALUES ('LS180527010003', '49', '1', '000022', '芭米牛轧奶芙', '', '公斤', '0', null, '0', '0', '-1', '1', '1', '2', '0', '0', '0', '0.118', '47.6', '47.6', '47.6', '5.62', '5.62', '5.62', '0', '0', '0', '0', '-1', '', '');
INSERT INTO `sc_bill_item` VALUES ('LS180527010003', '43', '1', '000017', '莎布雷武士曲奇', '', '公斤', '0', null, '0', '0', '-1', '1', '1', '2', '0', '0', '0', '0.052', '64', '64', '64', '3.33', '3.33', '3.33', '0', '0', '0', '0', '-1', '', '');
INSERT INTO `sc_bill_item` VALUES ('LS180527010003', '43', '1', '000017', '莎布雷武士曲奇', '', '公斤', '0', null, '0', '0', '-1', '1', '1', '2', '0', '0', '0', '0.016', '64', '64', '64', '1.02', '1.02', '1.02', '0', '0', '0', '0', '-1', '', '');
INSERT INTO `sc_bill_item` VALUES ('LS180527010003', '146', '1', '000098', '一品奶农', '', '公斤', '0', null, '0', '0', '-1', '1', '1', '2', '0', '0', '0', '0.03', '31.6', '31.6', '31.6', '0.95', '0.95', '0.95', '0', '0', '0', '0', '-1', '', '');
INSERT INTO `sc_bill_item` VALUES ('LS180527010003', '105', '1', '000069', '哈儿爽口片', '', '公斤', '0', null, '0', '0', '-1', '1', '1', '2', '0', '0', '0', '0.016', '71.6', '71.6', '71.6', '1.15', '1.15', '1.15', '0', '0', '0', '0', '-1', '', '');
INSERT INTO `sc_bill_item` VALUES ('LS180527010003', '56', '1', '000026', '水军蟹香/海鲜锅巴', '', '默认单位', '0', null, '0', '0', '-1', '1', '1', '2', '0', '0', '0', '0.194', '58', '58', '58', '11.25', '11.25', '11.25', '0', '0', '0', '0', '-1', '', '');
INSERT INTO `sc_bill_item` VALUES ('LS180527010004', '126', '1', '000085', '卡宾熊煎饼', '', '公斤', '0', null, '0', '0', '-1', '1', '1', '2', '0', '0', '0', '0.236', '51.6', '51.6', '51.6', '12.18', '12.18', '12.18', '0', '0', '0', '0', '-1', '', '');
INSERT INTO `sc_bill_item` VALUES ('LS180527010005', '77', '1', '000049', '卫龙小面筋', '', '公斤', '0', null, '0', '0', '-1', '1', '5', '2', '0', '0', '0', '0.098', '31.6', '28.44', '28.44', '3.1', '2.79', '2.79', '0', '0', '0', '0', '-1', '', '原价:31.6');
INSERT INTO `sc_bill_item` VALUES ('LS180527010005', '78', '1', '000050', '零食在这儿', '', '公斤', '0', null, '0', '0', '-1', '1', '5', '2', '0', '0', '0', '0.22', '31.6', '28.44', '28.44', '6.95', '6.26', '6.26', '0', '0', '0', '0', '-1', '', '原价:31.6');
INSERT INTO `sc_bill_item` VALUES ('LS180527010005', '39', '1', '000014', '卫龙亲嘴烧', '', '公斤', '0', null, '0', '0', '-1', '1', '5', '2', '0', '0', '0', '0.15', '31.6', '28.44', '28.44', '4.74', '4.27', '4.27', '0', '0', '0', '0', '-1', '', '原价:31.6');
INSERT INTO `sc_bill_item` VALUES ('LS180527010006', '167', '1', '000114', '真谷粒', '', '公斤', '0', null, '0', '0', '-1', '1', '1', '2', '0', '0', '0', '0.016', '39.6', '39.6', '39.6', '0.63', '0.63', '0.63', '0', '0', '0', '0', '-1', '', '');
INSERT INTO `sc_bill_item` VALUES ('LS180527010007', '157', '1', '000106', '小猪佩奇牛奶曲奇', '', '公斤', '0', null, '0', '0', '-1', '1', '1', '2', '0', '0', '0', '0.054', '39.6', '39.6', '39.6', '2.14', '2.14', '2.14', '0', '0', '0', '0', '-1', '', '');
INSERT INTO `sc_bill_item` VALUES ('LS180527010007', '61', '1', '000029', '嘉友大乃牛', '', '公斤', '0', null, '0', '0', '-1', '1', '1', '2', '0', '0', '0', '0.194', '39.6', '39.6', '39.6', '7.68', '7.68', '7.68', '0', '0', '0', '0', '-1', '', '');
INSERT INTO `sc_bill_item` VALUES ('LS180527010007', '51', '1', '000024', '法丽滋曲奇', '', '公斤', '0', null, '0', '0', '-1', '1', '1', '2', '0', '0', '0', '0.116', '47.6', '47.6', '47.6', '5.52', '5.52', '5.52', '0', '0', '0', '0', '-1', '', '');
INSERT INTO `sc_bill_item` VALUES ('LS180527010008', '105', '1', '000069', '哈儿爽口片', '', '公斤', '0', null, '0', '0', '-1', '1', '1', '2', '0', '0', '0', '0.042', '71.6', '71.6', '71.6', '3.01', '3.01', '3.01', '0', '0', '0', '0', '-1', '', '');
INSERT INTO `sc_bill_item` VALUES ('LS180527010009', '149', '1', '6937800608102', '夏小样', '', '公斤', '0', null, '0', '0', '-1', '1', '1', '2', '0', '0', '0', '0.03', '59.6', '59.6', '59.6', '1.79', '1.79', '1.79', '0', '0', '0', '0', '-1', '', '');
INSERT INTO `sc_bill_item` VALUES ('LS180527010010', '17', '1', '697055951999', '鑫宇石季黄桃罐头', '', '瓶', '0', null, '0', '0', '-1', '1', '1', '2', '0', '0', '0', '1', '8', '8', '8', '8', '8', '8', '0', '0', '0', '0', '-1', null, '');
INSERT INTO `sc_bill_item` VALUES ('LS180527010011', '71', '1', '000040', '久久丫鸭舌', '', '公斤', '0', null, '0', '0', '-1', '1', '5', '2', '0', '0', '0', '0.04', '250', '225', '225', '10', '9', '9', '0', '0', '0', '0', '-1', null, '原价:250');
INSERT INTO `sc_bill_item` VALUES ('LS180527010011', '56', '1', '000026', '水军蟹香/海鲜锅巴', '', '默认单位', '0', null, '0', '0', '-1', '1', '5', '2', '0', '0', '0', '0.096', '58', '52.2', '52.2', '5.57', '5.01', '5.01', '0', '0', '0', '0', '-1', null, '原价:58');
INSERT INTO `sc_bill_item` VALUES ('LS180527010011', '69', '1', '000038', '有友泡椒凤爪', '', '公斤', '0', null, '0', '0', '-1', '1', '5', '2', '0', '0', '0', '0.168', '65.6', '59.04', '59.04', '11.02', '9.92', '9.92', '0', '0', '0', '0', '-1', null, '原价:65.6');
INSERT INTO `sc_bill_item` VALUES ('LS180527010011', '26', '1', '6971342410151', '妙芙炒酸奶', '', '公斤', '0', null, '0', '0', '-1', '1', '5', '2', '0', '0', '0', '0.252', '31.6', '28.44', '28.44', '7.96', '7.17', '7.17', '0', '0', '0', '0', '-1', null, '原价:31.6');
INSERT INTO `sc_bill_item` VALUES ('LS180527010012', '56', '1', '000026', '水军蟹香/海鲜锅巴', '', '默认单位', '0', null, '0', '0', '-1', '1', '1', '2', '0', '0', '0', '0.094', '58', '58', '58', '5.45', '5.45', '5.45', '0', '0', '0', '0', '-1', null, '');
INSERT INTO `sc_bill_item` VALUES ('LS180527010012', '23', '1', '00001', '小牛酸奶', '', '公斤', '0', null, '0', '0', '-1', '1', '1', '2', '0', '0', '0', '0.62', '21.6', '21.6', '21.6', '13.39', '13.39', '13.39', '0', '0', '0', '0', '-1', null, '');
INSERT INTO `sc_bill_item` VALUES ('LS180527010012', '53', '1', '6949187398828', '手工原味蛋糕', '', '公斤', '0', null, '0', '0', '-1', '1', '1', '2', '0', '0', '0', '0.258', '39.6', '39.6', '39.6', '10.22', '10.22', '10.22', '0', '0', '0', '0', '-1', null, '');
INSERT INTO `sc_bill_item` VALUES ('LS180527010012', '39', '1', '000014', '卫龙亲嘴烧', '', '公斤', '0', null, '0', '0', '-1', '1', '1', '2', '0', '0', '0', '0.202', '31.6', '31.6', '31.6', '6.38', '6.38', '6.38', '0', '0', '0', '0', '-1', null, '');
INSERT INTO `sc_bill_item` VALUES ('LS180527010012', '138', '1', '6954598800099', '运气将军', '', '公斤', '0', null, '0', '0', '-1', '1', '1', '2', '0', '0', '0', '0.174', '47.6', '47.6', '47.6', '8.28', '8.28', '8.28', '0', '0', '0', '0', '-1', null, '');
INSERT INTO `sc_bill_item` VALUES ('LS180527010012', '50', '1', '000023', '芭米牛扎饼', '', '公斤', '0', null, '0', '0', '-1', '1', '1', '2', '0', '0', '0', '0.122', '47.6', '47.6', '47.6', '5.81', '5.81', '5.81', '0', '0', '0', '0', '-1', null, '');
INSERT INTO `sc_bill_item` VALUES ('LS180527010013', '50', '1', '000023', '芭米牛扎饼', '', '公斤', '0', null, '0', '0', '-1', '1', '1', '2', '0', '0', '0', '0.238', '47.6', '47.6', '47.6', '11.33', '11.33', '11.33', '0', '0', '0', '0', '-1', null, '');
INSERT INTO `sc_bill_item` VALUES ('LS180527010013', '118', '1', '000076', '三牛香蕉酥、牛奶圈', '', '公斤', '0', null, '0', '0', '-1', '1', '1', '2', '0', '0', '0', '0.086', '31.6', '31.6', '31.6', '2.72', '2.72', '2.72', '0', '0', '0', '0', '-1', null, '');
INSERT INTO `sc_bill_item` VALUES ('LS180527010013', '118', '1', '000076', '三牛香蕉酥、牛奶圈', '', '公斤', '0', null, '0', '0', '-1', '1', '1', '2', '0', '0', '0', '0.022', '31.6', '31.6', '31.6', '0.7', '0.7', '0.7', '0', '0', '0', '0', '-1', null, '');
INSERT INTO `sc_bill_item` VALUES ('LS180527010013', '49', '1', '000022', '芭米牛轧奶芙', '', '公斤', '0', null, '0', '0', '-1', '1', '1', '2', '0', '0', '0', '0.192', '47.6', '47.6', '47.6', '9.14', '9.14', '9.14', '0', '0', '0', '0', '-1', null, '');
INSERT INTO `sc_bill_item` VALUES ('LS180527010013', '51', '1', '000024', '法丽滋曲奇', '', '公斤', '0', null, '0', '0', '-1', '1', '1', '2', '0', '0', '0', '0.114', '47.6', '47.6', '47.6', '5.43', '5.43', '5.43', '0', '0', '0', '0', '-1', null, '');
INSERT INTO `sc_bill_item` VALUES ('LS180527010013', '100', '1', '000066', '百年树综合果蔬干', '', '公斤', '0', null, '0', '0', '-1', '1', '1', '2', '0', '0', '0', '0.106', '71.6', '71.6', '71.6', '7.59', '7.59', '7.59', '0', '0', '0', '0', '-1', null, '');
INSERT INTO `sc_bill_item` VALUES ('LS180527010013', '69', '1', '000038', '有友泡椒凤爪', '', '公斤', '0', null, '0', '0', '-1', '1', '1', '2', '0', '0', '0', '0.23', '65.6', '65.6', '65.6', '15.09', '15.09', '15.09', '0', '0', '0', '0', '-1', null, '');
INSERT INTO `sc_bill_item` VALUES ('LS180527010013', '30', '1', '00006', '喜之郎系列', '', '公斤', '0', null, '0', '0', '-1', '1', '1', '2', '0', '0', '0', '0.42', '31.6', '31.6', '31.6', '13.27', '13.27', '13.27', '0', '0', '0', '0', '-1', null, '');
INSERT INTO `sc_bill_item` VALUES ('LS180527010014', '91', '1', '000057', '骥洋五香/香辣鸭肫', '', '公斤', '0', null, '0', '0', '-1', '1', '1', '2', '0', '0', '0', '0.068', '84', '84', '84', '5.71', '5.71', '5.71', '0', '0', '0', '0', '-1', null, '');
INSERT INTO `sc_bill_item` VALUES ('LS180527010014', '69', '1', '000038', '有友泡椒凤爪', '', '公斤', '0', null, '0', '0', '-1', '1', '1', '2', '0', '0', '0', '0.05', '65.6', '65.6', '65.6', '3.28', '3.28', '3.28', '0', '0', '0', '0', '-1', null, '');
INSERT INTO `sc_bill_item` VALUES ('LS180527010014', '42', '1', '000016', '小黄鱼', '', '公斤', '0', null, '0', '0', '-1', '1', '1', '2', '0', '0', '0', '0.06', '98', '98', '98', '5.88', '5.88', '5.88', '0', '0', '0', '0', '-1', null, '');
INSERT INTO `sc_bill_item` VALUES ('LS180527010014', '44', '1', '6945425132865', '魏文清豆腐', '', '公斤', '0', null, '0', '0', '-1', '1', '1', '2', '0', '0', '0', '0.03', '31.6', '31.6', '31.6', '0.95', '0.95', '0.95', '0', '0', '0', '0', '-1', null, '');
INSERT INTO `sc_bill_item` VALUES ('LS180527010014', '34', '1', '00009', '炎亭渔夫鱼豆腐', '', '公斤', '0', null, '0', '0', '-1', '1', '1', '2', '0', '0', '0', '0.106', '51.6', '51.6', '51.6', '5.47', '5.47', '5.47', '0', '0', '0', '0', '-1', null, '');
INSERT INTO `sc_bill_item` VALUES ('LS180527010014', '115', '1', '000074', '力诚鳕鱼肠', '', '公斤', '0', null, '0', '0', '-1', '1', '1', '2', '0', '0', '0', '0.042', '71.6', '71.6', '71.6', '3.01', '3.01', '3.01', '0', '0', '0', '0', '-1', null, '');
INSERT INTO `sc_bill_item` VALUES ('LS180527010015', '88', '1', '000054', '宏泰记系列', '', '公斤', '0', null, '0', '0', '-1', '1', '5', '2', '0', '0', '0', '0.146', '39.6', '35.64', '35.64', '5.78', '5.2', '5.2', '0', '0', '0', '0', '-1', null, '原价:39.6');
INSERT INTO `sc_bill_item` VALUES ('LS180527010015', '91', '1', '000057', '骥洋五香/香辣鸭肫', '', '公斤', '0', null, '0', '0', '-1', '1', '5', '2', '0', '0', '0', '0.07', '84', '75.6', '75.6', '5.88', '5.29', '5.29', '0', '0', '0', '0', '-1', null, '原价:84');
INSERT INTO `sc_bill_item` VALUES ('LS180527010015', '78', '1', '000050', '零食在这儿', '', '公斤', '0', null, '0', '0', '-1', '1', '5', '2', '0', '0', '0', '0.062', '31.6', '28.44', '28.44', '1.96', '1.76', '1.76', '0', '0', '0', '0', '-1', null, '原价:31.6');
INSERT INTO `sc_bill_item` VALUES ('LS180527010015', '77', '1', '000049', '卫龙小面筋', '', '公斤', '0', null, '0', '0', '-1', '1', '5', '2', '0', '0', '0', '0.048', '31.6', '28.44', '28.44', '1.52', '1.37', '1.37', '0', '0', '0', '0', '-1', null, '原价:31.6');
INSERT INTO `sc_bill_item` VALUES ('LS180527010015', '51', '1', '000024', '法丽滋曲奇', '', '公斤', '0', null, '0', '0', '-1', '1', '5', '2', '0', '0', '0', '0.15', '47.6', '42.84', '42.84', '7.14', '6.43', '6.43', '0', '0', '0', '0', '-1', null, '原价:47.6');
INSERT INTO `sc_bill_item` VALUES ('LS180527010015', '30', '1', '00006', '喜之郎系列', '', '公斤', '0', null, '0', '0', '-1', '1', '5', '2', '0', '0', '0', '0.384', '31.6', '28.44', '28.44', '12.13', '10.92', '10.92', '0', '0', '0', '0', '-1', null, '原价:31.6');
INSERT INTO `sc_bill_item` VALUES ('LS180527010015', '43', '1', '000017', '莎布雷武士曲奇', '', '公斤', '0', null, '0', '0', '-1', '1', '5', '2', '0', '0', '0', '0.084', '64', '57.6', '57.6', '5.38', '4.84', '4.84', '0', '0', '0', '0', '-1', null, '原价:64');
INSERT INTO `sc_bill_item` VALUES ('LS180527010015', '154', '1', '000104', '迷你蛋糕', '', '公斤', '0', null, '0', '0', '-1', '1', '5', '2', '0', '0', '0', '0.112', '39.6', '35.64', '35.64', '4.44', '3.99', '3.99', '0', '0', '0', '0', '-1', null, '原价:39.6');
INSERT INTO `sc_bill_item` VALUES ('LS180527010015', '138', '1', '6954598800099', '运气将军', '', '公斤', '0', null, '0', '0', '-1', '1', '5', '2', '0', '0', '0', '0.086', '47.6', '42.84', '42.84', '4.09', '3.68', '3.68', '0', '0', '0', '0', '-1', null, '原价:47.6');
INSERT INTO `sc_bill_item` VALUES ('LS180527010015', '60', '1', '6950254900394', '夏果蜂蜜柠檬', '', '包', '0', null, '0', '0', '-1', '1', '5', '2', '0', '0', '0', '3', '2.5', '2.25', '2.25', '7.5', '6.75', '6.75', '0', '0', '0', '0', '-1', null, '原价:2.5');
INSERT INTO `sc_bill_item` VALUES ('LS180527010015', '59', '1', '6947366907533', '舒润达奶茶', '', '包', '0', null, '0', '0', '-1', '1', '5', '2', '0', '0', '0', '2', '3', '2.7', '2.7', '6', '5.4', '5.4', '0', '0', '0', '0', '-1', null, '原价:3');
INSERT INTO `sc_bill_item` VALUES ('LS180527010015', '40', '1', '6901496995068', '麦丽素', '', '公斤', '0', null, '0', '0', '-1', '1', '5', '2', '0', '0', '0', '3', '1.5', '1.35', '1.35', '4.5', '4.05', '4.05', '0', '0', '0', '0', '-1', null, '原价:1.5');
INSERT INTO `sc_bill_item` VALUES ('LS180527010016', '161', '1', '4710199086704', '张君雅捏碎面', '', '包', '0', null, '0', '0', '-1', '1', '5', '2', '0', '0', '0', '4', '3.5', '3.15', '3.15', '14', '12.6', '12.6', '0', '0', '0', '0', '-1', null, '原价:3.5');
INSERT INTO `sc_bill_item` VALUES ('LS180527010017', '161', '1', '4710199086704', '张君雅捏碎面', '', '包', '0', null, '0', '0', '-1', '1', '5', '2', '0', '0', '0', '4', '3.5', '3.15', '3.15', '14', '12.6', '12.6', '0', '0', '0', '0', '-1', null, '原价:3.5');
INSERT INTO `sc_bill_item` VALUES ('LS180527010017', '30', '1', '00006', '喜之郎系列', '', '公斤', '0', null, '0', '0', '-1', '1', '5', '2', '0', '0', '0', '0.538', '31.6', '28.44', '28.44', '17', '15.3', '15.3', '0', '0', '0', '0', '-1', null, '原价:31.6');
INSERT INTO `sc_bill_item` VALUES ('LS180527010017', '149', '1', '6937800608102', '夏小样', '', '公斤', '0', null, '0', '0', '-1', '1', '5', '2', '0', '0', '0', '0.118', '59.6', '53.64', '53.64', '7.03', '6.33', '6.33', '0', '0', '0', '0', '-1', null, '原价:59.6');
INSERT INTO `sc_bill_item` VALUES ('LS180527010018', '112', '1', '8858702410823', '小老板海苔', '', '盒', '0', null, '0', '0', '-1', '1', '1', '2', '0', '0', '0', '1', '15', '15', '15', '15', '15', '15', '0', '0', '0', '0', '-1', null, '');
INSERT INTO `sc_bill_item` VALUES ('LS180527010018', '118', '1', '000076', '三牛香蕉酥、牛奶圈', '', '公斤', '0', null, '0', '0', '-1', '1', '1', '2', '0', '0', '0', '0.17', '31.6', '31.6', '31.6', '5.37', '5.37', '5.37', '0', '0', '0', '0', '-1', null, '');
INSERT INTO `sc_bill_item` VALUES ('LS180527010019', '158', '1', '000107', '牛奶溶酪', '', '公斤', '0', null, '0', '0', '-1', '1', '1', '2', '0', '0', '0', '0.114', '51.6', '51.6', '51.6', '5.88', '5.88', '5.88', '0', '0', '0', '0', '-1', null, '');
INSERT INTO `sc_bill_item` VALUES ('LS180527010019', '148', '1', '000100', '星球杯', '', '公斤', '0', null, '0', '0', '-1', '1', '1', '2', '0', '0', '0', '0.114', '51.6', '51.6', '51.6', '5.88', '5.88', '5.88', '0', '0', '0', '0', '-1', null, '');
INSERT INTO `sc_bill_item` VALUES ('LS180527010019', '152', '1', '6923482400295', '脆脆同', '', '公斤', '0', null, '0', '0', '-1', '1', '1', '2', '0', '0', '0', '0.142', '31.6', '31.6', '31.6', '4.49', '4.49', '4.49', '0', '0', '0', '0', '-1', null, '');
INSERT INTO `sc_bill_item` VALUES ('LS180527010019', '114', '1', '000073', '力诚小肉枣', '', '公斤', '0', null, '0', '0', '-1', '1', '1', '2', '0', '0', '0', '0.39', '59.6', '59.6', '59.6', '23.24', '23.24', '23.24', '0', '0', '0', '0', '-1', null, '');
INSERT INTO `sc_bill_item` VALUES ('LS180527010019', '103', '1', '6954522410066', '怡可诺橡皮糖', '', '公斤', '0', null, '0', '0', '-1', '1', '1', '2', '0', '0', '0', '0.226', '51.6', '51.6', '51.6', '11.66', '11.66', '11.66', '0', '0', '0', '0', '-1', null, '');
INSERT INTO `sc_bill_item` VALUES ('LS180527010019', '156', '1', '000105', '小猪佩奇桃酥', '', '公斤', '0', null, '0', '0', '-1', '1', '1', '2', '0', '0', '0', '0.16', '39.6', '39.6', '39.6', '6.34', '6.34', '6.34', '0', '0', '0', '0', '-1', null, '');
INSERT INTO `sc_bill_item` VALUES ('LS180527010019', '78', '1', '000050', '零食在这儿', '', '公斤', '0', null, '0', '0', '-1', '1', '1', '2', '0', '0', '0', '0.252', '31.6', '31.6', '31.6', '7.96', '7.96', '7.96', '0', '0', '0', '0', '-1', null, '');
INSERT INTO `sc_bill_item` VALUES ('LS180527010020', '78', '1', '000050', '零食在这儿', '', '公斤', '0', null, '0', '0', '-1', '1', '5', '2', '0', '0', '0', '0.14', '31.6', '28.44', '28.44', '4.42', '3.98', '3.98', '0', '0', '0', '0', '-1', null, '原价:31.6');
INSERT INTO `sc_bill_item` VALUES ('LS180527010020', '114', '1', '000073', '力诚小肉枣', '', '公斤', '0', null, '0', '0', '-1', '1', '5', '2', '0', '0', '0', '0.154', '59.6', '53.64', '53.64', '9.18', '8.26', '8.26', '0', '0', '0', '0', '-1', null, '原价:59.6');
INSERT INTO `sc_bill_item` VALUES ('LS180527010020', '87', '1', '000053', '沈师傅鸡蛋干', '', '公斤', '0', null, '0', '0', '-1', '1', '5', '2', '0', '0', '0', '0.12', '51.6', '46.44', '46.44', '6.19', '5.57', '5.57', '0', '0', '0', '0', '-1', null, '原价:51.6');
INSERT INTO `sc_bill_item` VALUES ('LS180527010020', '148', '1', '000100', '星球杯', '', '公斤', '0', null, '0', '0', '-1', '1', '5', '2', '0', '0', '0', '0.158', '51.6', '46.44', '46.44', '8.15', '7.34', '7.34', '0', '0', '0', '0', '-1', null, '原价:51.6');
INSERT INTO `sc_bill_item` VALUES ('LS180527010020', '146', '1', '000098', '一品奶农', '', '公斤', '0', null, '0', '0', '-1', '1', '5', '2', '0', '0', '0', '0.078', '31.6', '28.44', '28.44', '2.46', '2.22', '2.22', '0', '0', '0', '0', '-1', null, '原价:31.6');
INSERT INTO `sc_bill_item` VALUES ('LS180527010021', '152', '1', '6923482400295', '脆脆同', '', '公斤', '0', null, '0', '0', '-1', '1', '5', '2', '0', '0', '0', '0.398', '31.6', '28.44', '28.44', '12.58', '11.32', '11.32', '0', '0', '0', '0', '-1', null, '原价:31.6');
INSERT INTO `sc_bill_item` VALUES ('LS180527010021', '149', '1', '6937800608102', '夏小样', '', '公斤', '0', null, '0', '0', '-1', '1', '5', '2', '0', '0', '0', '0.058', '59.6', '53.64', '53.64', '3.46', '3.11', '3.11', '0', '0', '0', '0', '-1', null, '原价:59.6');
INSERT INTO `sc_bill_item` VALUES ('LS180527010022', '47', '1', '000020', '爽露爽米酿', '', '公斤', '0', null, '0', '0', '-1', '1', '5', '2', '0', '0', '0', '0.184', '31.6', '28.44', '28.44', '5.81', '5.23', '5.23', '0', '0', '0', '0', '-1', null, '原价:31.6');
INSERT INTO `sc_bill_item` VALUES ('LS180527010022', '13', '1', '6921892302512', '奥林达台湾烧仙草', '', '盒', '0', null, '0', '0', '-1', '1', '5', '2', '0', '0', '0', '1', '15', '13.5', '13.5', '15', '13.5', '13.5', '0', '0', '0', '0', '-1', null, '原价:15');
INSERT INTO `sc_bill_item` VALUES ('LS180527010023', '51', '1', '000024', '法丽滋曲奇', '', '公斤', '0', null, '0', '0', '-1', '1', '5', '2', '0', '0', '0', '0.39', '47.6', '42.84', '42.84', '18.56', '16.71', '16.71', '0', '0', '0', '0', '-1', '', '原价:47.6');
INSERT INTO `sc_bill_item` VALUES ('LS180527010023', '150', '1', '000101', '米嘴薄脆', '', '默认单位', '0', null, '0', '0', '-1', '1', '5', '2', '0', '0', '0', '0.596', '21.6', '19.44', '19.44', '12.87', '11.59', '11.59', '0', '0', '0', '0', '-1', '', '原价:21.6');
INSERT INTO `sc_bill_item` VALUES ('LS180527010024', '112', '1', '8858702410823', '小老板海苔', '', '盒', '0', null, '0', '0', '-1', '1', '5', '2', '0', '0', '0', '1', '15', '13.5', '13.5', '15', '13.5', '13.5', '0', '0', '0', '0', '-1', '', '原价:15');
INSERT INTO `sc_bill_item` VALUES ('LS180527010025', '107', '1', '000071', '三惠尖角脆', '', '公斤', '0', null, '0', '0', '-1', '1', '5', '2', '0', '0', '0', '0.244', '31.6', '28.44', '28.44', '7.71', '6.94', '6.94', '0', '0', '0', '0', '-1', null, '原价:31.6');
INSERT INTO `sc_bill_item` VALUES ('LS180527010026', '137', '1', '000092', '新麦潮天然酵母面包', '', '公斤', '0', null, '0', '0', '-1', '1', '5', '2', '0', '0', '0', '0.106', '39.6', '35.64', '35.64', '4.2', '3.78', '3.78', '0', '0', '0', '0', '-1', null, '原价:39.6');
INSERT INTO `sc_bill_item` VALUES ('LS180527010026', '154', '1', '000104', '迷你蛋糕', '', '公斤', '0', null, '0', '0', '-1', '1', '5', '2', '0', '0', '0', '0.114', '39.6', '35.64', '35.64', '4.51', '4.06', '4.06', '0', '0', '0', '0', '-1', null, '原价:39.6');
INSERT INTO `sc_bill_item` VALUES ('LS180527010026', '123', '1', '000083', '张先生拉面丸子', '', '公斤', '0', null, '0', '0', '-1', '1', '5', '2', '0', '0', '0', '0.122', '39.6', '35.64', '35.64', '4.83', '4.35', '4.35', '0', '0', '0', '0', '-1', null, '原价:39.6');
INSERT INTO `sc_bill_item` VALUES ('LS180527010026', '54', '1', '000025', '小白心里软', '', '公斤', '0', null, '0', '0', '-1', '1', '5', '2', '0', '0', '0', '0.048', '47.6', '42.84', '42.84', '2.28', '2.06', '2.06', '0', '0', '0', '0', '-1', null, '原价:47.6');
INSERT INTO `sc_bill_item` VALUES ('LS180527010026', '43', '1', '000017', '莎布雷武士曲奇', '', '公斤', '0', null, '0', '0', '-1', '1', '5', '2', '0', '0', '0', '0.05', '64', '57.6', '57.6', '3.2', '2.88', '2.88', '0', '0', '0', '0', '-1', null, '原价:64');
INSERT INTO `sc_bill_item` VALUES ('LS180527010026', '58', '1', '000028', '麦初心语慕斯雪芙', '', '公斤', '0', null, '0', '0', '-1', '1', '5', '2', '0', '0', '0', '0.094', '39.6', '35.64', '35.64', '3.72', '3.35', '3.35', '0', '0', '0', '0', '-1', null, '原价:39.6');
INSERT INTO `sc_bill_item` VALUES ('LS180527010026', '153', '1', '000103', '珍芙咸面包', '', '公斤', '0', null, '0', '0', '-1', '1', '5', '2', '0', '0', '0', '0.04', '39.6', '35.64', '35.64', '1.58', '1.43', '1.43', '0', '0', '0', '0', '-1', null, '原价:39.6');
INSERT INTO `sc_bill_item` VALUES ('LS180527010026', '20', '1', '4897075980216', '小猪佩奇水杯', '', '默认单位', '0', null, '0', '0', '-1', '1', '5', '2', '0', '0', '0', '1', '25', '22.5', '22.5', '25', '22.5', '22.5', '0', '0', '0', '0', '-1', null, '原价:25');
INSERT INTO `sc_bill_item` VALUES ('LS180527010026', '112', '1', '8858702410823', '小老板海苔', '', '盒', '0', null, '0', '0', '-1', '1', '5', '2', '0', '0', '0', '1', '15', '13.5', '13.5', '15', '13.5', '13.5', '0', '0', '0', '0', '-1', null, '原价:15');
INSERT INTO `sc_bill_item` VALUES ('LS180527010027', '115', '1', '000074', '力诚鳕鱼肠', '', '公斤', '0', null, '0', '0', '-1', '1', '5', '2', '0', '0', '0', '0.152', '71.6', '64.44', '64.44', '10.88', '9.79', '9.79', '0', '0', '0', '0', '-1', null, '原价:71.6');
INSERT INTO `sc_bill_item` VALUES ('LS180527010028', '52', '1', '8993175537445', '丽芝士纳宝帝奶酪味饼干', '', '包', '0', null, '0', '0', '-1', '1', '5', '2', '0', '0', '0', '1', '3', '2.7', '2.7', '3', '2.7', '2.7', '0', '0', '0', '0', '-1', null, '原价:3');
INSERT INTO `sc_bill_item` VALUES ('LS180527010028', '117', '1', '000075', '好利达鱿鱼条/丝', '', '公斤', '0', null, '0', '0', '-1', '1', '5', '2', '0', '0', '0', '0.046', '110', '99', '99', '5.06', '4.55', '4.55', '0', '0', '0', '0', '-1', null, '原价:110');
INSERT INTO `sc_bill_item` VALUES ('LS180527010028', '88', '1', '000054', '宏泰记系列', '', '公斤', '0', null, '0', '0', '-1', '1', '5', '2', '0', '0', '0', '0.166', '39.6', '35.64', '35.64', '6.57', '5.92', '5.92', '0', '0', '0', '0', '-1', null, '原价:39.6');
INSERT INTO `sc_bill_item` VALUES ('LS180527010028', '140', '1', '000094', '宏香记', '', '公斤', '0', null, '0', '0', '-1', '1', '5', '2', '0', '0', '0', '0.094', '98', '88.2', '88.2', '9.21', '8.29', '8.29', '0', '0', '0', '0', '-1', null, '原价:98');
INSERT INTO `sc_bill_item` VALUES ('LS180527010028', '148', '1', '000100', '星球杯', '', '公斤', '0', null, '0', '0', '-1', '1', '5', '2', '0', '0', '0', '0.192', '51.6', '46.44', '46.44', '9.91', '8.92', '8.92', '0', '0', '0', '0', '-1', null, '原价:51.6');
INSERT INTO `sc_bill_item` VALUES ('LS180527010029', '9', '1', '6958111900549', '健美滋山泉水', '', '瓶', '0', null, '0', '0', '-1', '1', '1', '2', '0', '0', '0', '2', '10', '10', '10', '20', '20', '20', '0', '0', '0', '0', '-1', '', null);
INSERT INTO `sc_bill_item` VALUES ('LS180527010029', '108', '1', '6957666000506', '宏途山药片', '', '包', '0', null, '0', '0', '-1', '1', '1', '2', '0', '0', '0', '1', '7', '7', '7', '7', '7', '7', '0', '0', '0', '0', '-1', '', '');
INSERT INTO `sc_bill_item` VALUES ('LS180527010030', '133', '1', '000089', '千业吐司面包', '', '公斤', '0', null, '0', '0', '-1', '1', '5', '2', '0', '0', '0', '0.05', '47.6', '42.84', '42.84', '2.38', '2.14', '2.14', '0', '0', '0', '0', '-1', '', '原价:47.6');
INSERT INTO `sc_bill_item` VALUES ('LS180527010030', '155', '1', '6970242761165', '伯利尔', '', '公斤', '0', null, '0', '0', '-1', '1', '5', '2', '0', '0', '0', '0.072', '39.6', '35.64', '35.64', '2.85', '2.57', '2.57', '0', '0', '0', '0', '-1', '', '原价:39.6');
INSERT INTO `sc_bill_item` VALUES ('LS180527010030', '48', '1', '6926416500078', '绿色趣味多烤芙条', '', '个', '0', null, '0', '0', '-1', '1', '5', '2', '0', '0', '0', '2', '2.5', '2.25', '2.25', '5', '4.5', '4.5', '0', '0', '0', '0', '-1', '', '原价:2.5');
INSERT INTO `sc_bill_item` VALUES ('LS180527010030', '133', '1', '000089', '千业吐司面包', '', '公斤', '0', null, '0', '0', '-1', '1', '5', '2', '0', '0', '0', '0.048', '47.6', '42.84', '42.84', '2.28', '2.06', '2.06', '0', '0', '0', '0', '-1', '', '原价:47.6');
INSERT INTO `sc_bill_item` VALUES ('LS180527010030', '52', '1', '8993175537445', '丽芝士纳宝帝奶酪味饼干', '', '包', '0', null, '0', '0', '-1', '1', '5', '2', '0', '0', '0', '1', '3', '2.7', '2.7', '3', '2.7', '2.7', '0', '0', '0', '0', '-1', '', '原价:3');
INSERT INTO `sc_bill_item` VALUES ('LS180527010030', '61', '1', '000029', '嘉友大乃牛', '', '公斤', '0', null, '0', '0', '-1', '1', '5', '2', '0', '0', '0', '0.072', '39.6', '35.64', '35.64', '2.85', '2.57', '2.57', '0', '0', '0', '0', '-1', '', '原价:39.6');
INSERT INTO `sc_bill_item` VALUES ('LS180528010002', '7', '1', '6902083914370', '娃哈哈钙多多', '', '个', '0', null, '0', '0', '-1', '1', '1', '2', '0', '0', '0', '1', '5', '5', '5', '5', '5', '5', '0', '0', '0', '0', '-1', '', null);
INSERT INTO `sc_bill_item` VALUES ('LS180528010003', '7', '1', '6902083914370', '娃哈哈钙多多', '', '个', '0', null, '0', '0', '-1', '1', '1', '2', '0', '0', '0', '1', '5', '5', '5', '5', '5', '5', '0', '0', '0', '0', '-1', '', null);
INSERT INTO `sc_bill_item` VALUES ('LS180528010004', '10', '1', '6971117600015', '水恋湾', '', '瓶', '0', null, '0', '0', '-1', '1', '1', '2', '0', '0', '0', '3', '10', '10', '10', '30', '30', '30', '0', '0', '0', '0', '-1', '', null);
INSERT INTO `sc_bill_item` VALUES ('LS180528010004', '20', '1', '4897075980216', '小猪佩奇水杯', '', '默认单位', '0', null, '0', '0', '-1', '1', '3', '2', '0', '0', '0', '1', '25', '22.5', '22.5', '25', '22.5', '22.5', '0', '0', '0', '0', '-1', '', '会员价');
INSERT INTO `sc_bill_item` VALUES ('LS180528010004', '11', '1', '6971019512027', '益河源优体', '', '瓶', '0', null, '0', '0', '-1', '1', '1', '2', '0', '0', '0', '1', '5', '5', '5', '5', '5', '5', '0', '0', '0', '0', '-1', '', null);
INSERT INTO `sc_bill_item` VALUES ('LS180528010006', '71', '1', '000040', '久久丫鸭舌', '', '公斤', '0', null, '0', '0', '-1', '1', '3', '2', '0', '0', '0', '0.622', '250', '225', '225', '155.5', '139.95', '139.95', '0', '0', '0', '0', '-1', '', '会员价');
INSERT INTO `sc_bill_item` VALUES ('LS180528010007', '71', '1', '000040', '久久丫鸭舌', '', '公斤', '0', null, '0', '0', '-1', '1', '3', '2', '0', '0', '0', '0.622', '250', '225', '225', '155.5', '139.95', '139.95', '0', '0', '0', '0', '-1', '', '会员价');
INSERT INTO `sc_bill_item` VALUES ('LS180528010008', '71', '1', '000040', '久久丫鸭舌', '', '公斤', '0', null, '0', '0', '-1', '1', '3', '2', '0', '0', '0', '0.622', '250', '225', '225', '155.5', '139.95', '139.95', '0', '0', '0', '0', '-1', '', '会员价');

-- ----------------------------
-- Table structure for sc_bill_pay
-- ----------------------------
DROP TABLE IF EXISTS `sc_bill_pay`;
CREATE TABLE `sc_bill_pay` (
  `bill_no` varchar(255) DEFAULT NULL COMMENT '单号',
  `type` int(11) DEFAULT NULL COMMENT '类型',
  `amount` double DEFAULT NULL COMMENT '金额',
  `tradeNo` varchar(255) DEFAULT NULL COMMENT '交易号',
  `remark` varchar(255) DEFAULT NULL COMMENT '备注'
) ENGINE=InnoDB DEFAULT CHARSET=utf8 ROW_FORMAT=COMPACT;

-- ----------------------------
-- Records of sc_bill_pay
-- ----------------------------
INSERT INTO `sc_bill_pay` VALUES ('LS180523010001', '16', '10.3', null, null);
INSERT INTO `sc_bill_pay` VALUES ('LS180523010002', '3', '-0.009999999999999787', null, null);
INSERT INTO `sc_bill_pay` VALUES ('LS180523010002', '16', '10.4', null, null);
INSERT INTO `sc_bill_pay` VALUES ('LS180524010001', '16', '11.3', null, null);
INSERT INTO `sc_bill_pay` VALUES ('LS180524010002', '3', '-0.030000000000001137', null, null);
INSERT INTO `sc_bill_pay` VALUES ('LS180524010002', '16', '68', null, null);
INSERT INTO `sc_bill_pay` VALUES ('LS180524010003', '16', '111', null, null);
INSERT INTO `sc_bill_pay` VALUES ('LS180524010003', '18', '89', null, null);
INSERT INTO `sc_bill_pay` VALUES ('LS180524010004', '16', '11', null, null);
INSERT INTO `sc_bill_pay` VALUES ('LS180524010005', '16', '200', null, null);
INSERT INTO `sc_bill_pay` VALUES ('LS180524010005', '18', '189', null, null);
INSERT INTO `sc_bill_pay` VALUES ('LS180524010006', '3', '0.040000000000000036', null, null);
INSERT INTO `sc_bill_pay` VALUES ('LS180524010006', '16', '6.3', null, null);
INSERT INTO `sc_bill_pay` VALUES ('LS180524010007', '3', '0.040000000000000036', null, null);
INSERT INTO `sc_bill_pay` VALUES ('LS180524010007', '16', '6.3', null, null);
INSERT INTO `sc_bill_pay` VALUES ('LS180524010008', '3', '0.040000000000000036', null, null);
INSERT INTO `sc_bill_pay` VALUES ('LS180524010008', '16', '6.3', null, null);
INSERT INTO `sc_bill_pay` VALUES ('LS180524010009', '3', '0.040000000000000036', null, null);
INSERT INTO `sc_bill_pay` VALUES ('LS180524010009', '16', '6.3', null, null);
INSERT INTO `sc_bill_pay` VALUES ('LS180524010010', '3', '0.040000000000000036', null, null);
INSERT INTO `sc_bill_pay` VALUES ('LS180524010010', '16', '6.3', null, null);
INSERT INTO `sc_bill_pay` VALUES ('LS180524010011', '3', '-0.020000000000003126', null, null);
INSERT INTO `sc_bill_pay` VALUES ('LS180524010011', '16', '18.6', null, null);
INSERT INTO `sc_bill_pay` VALUES ('LS180524010012', '3', '-0.020000000000003126', null, null);
INSERT INTO `sc_bill_pay` VALUES ('LS180524010012', '16', '18.6', null, null);
INSERT INTO `sc_bill_pay` VALUES ('LS180524010013', '3', '-0.020000000000003126', null, null);
INSERT INTO `sc_bill_pay` VALUES ('LS180524010013', '16', '18.6', null, null);
INSERT INTO `sc_bill_pay` VALUES ('LS180524010014', '3', '-0.020000000000003126', null, null);
INSERT INTO `sc_bill_pay` VALUES ('LS180524010014', '16', '18.6', null, null);
INSERT INTO `sc_bill_pay` VALUES ('LS180526010001', '3', '0.030000000000000027', null, null);
INSERT INTO `sc_bill_pay` VALUES ('LS180526010001', '16', '1.7', null, null);
INSERT INTO `sc_bill_pay` VALUES ('LS180526010002', '16', '11', null, null);
INSERT INTO `sc_bill_pay` VALUES ('LS180526010003', '16', '11', null, null);
INSERT INTO `sc_bill_pay` VALUES ('LS180526010004', '3', '-0.020000000000003126', null, null);
INSERT INTO `sc_bill_pay` VALUES ('LS180526010004', '16', '34.4', null, null);
INSERT INTO `sc_bill_pay` VALUES ('LS180526010005', '3', '0.01999999999999602', null, null);
INSERT INTO `sc_bill_pay` VALUES ('LS180526010005', '16', '50.2', null, null);
INSERT INTO `sc_bill_pay` VALUES ('LS180526010006', '3', '0.020000000000003126', null, null);
INSERT INTO `sc_bill_pay` VALUES ('LS180526010006', '16', '100', null, null);
INSERT INTO `sc_bill_pay` VALUES ('LS180526010006', '18', '69.3', null, null);
INSERT INTO `sc_bill_pay` VALUES ('LS180526010007', '3', '-0.010000000000001563', null, null);
INSERT INTO `sc_bill_pay` VALUES ('LS180526010007', '16', '50', null, null);
INSERT INTO `sc_bill_pay` VALUES ('LS180526010007', '18', '30.4', null, null);
INSERT INTO `sc_bill_pay` VALUES ('LS180526010008', '3', '0.04000000000000625', null, null);
INSERT INTO `sc_bill_pay` VALUES ('LS180526010008', '16', '75.6', null, null);
INSERT INTO `sc_bill_pay` VALUES ('LS180526010009', '3', '0.03999999999999204', null, null);
INSERT INTO `sc_bill_pay` VALUES ('LS180526010009', '16', '63.4', null, null);
INSERT INTO `sc_bill_pay` VALUES ('LS180526010010', '16', '49', null, null);
INSERT INTO `sc_bill_pay` VALUES ('LS180526010011', '3', '-0.010000000000000231', null, null);
INSERT INTO `sc_bill_pay` VALUES ('LS180526010011', '16', '10', null, null);
INSERT INTO `sc_bill_pay` VALUES ('LS180526010011', '18', '6.9', null, null);
INSERT INTO `sc_bill_pay` VALUES ('LS180526010012', '3', '-0.010000000000001563', null, null);
INSERT INTO `sc_bill_pay` VALUES ('LS180526010012', '16', '16.3', null, null);
INSERT INTO `sc_bill_pay` VALUES ('LS180526010013', '16', '13.8', null, null);
INSERT INTO `sc_bill_pay` VALUES ('LS180526010014', '16', '15', null, null);
INSERT INTO `sc_bill_pay` VALUES ('LS180526010015', '3', '0.04999999999999716', null, null);
INSERT INTO `sc_bill_pay` VALUES ('LS180526010015', '16', '21.6', null, null);
INSERT INTO `sc_bill_pay` VALUES ('LS180526010016', '3', '-0.00999999999999801', null, null);
INSERT INTO `sc_bill_pay` VALUES ('LS180526010016', '16', '25', null, null);
INSERT INTO `sc_bill_pay` VALUES ('LS180526010017', '3', '0.00999999999999801', null, null);
INSERT INTO `sc_bill_pay` VALUES ('LS180526010017', '16', '51.9', null, null);
INSERT INTO `sc_bill_pay` VALUES ('LS180526010018', '3', '0.05000000000000071', null, null);
INSERT INTO `sc_bill_pay` VALUES ('LS180526010018', '16', '21.9', null, null);
INSERT INTO `sc_bill_pay` VALUES ('LS180526010019', '3', '-0.03999999999999915', null, null);
INSERT INTO `sc_bill_pay` VALUES ('LS180526010019', '16', '46.3', null, null);
INSERT INTO `sc_bill_pay` VALUES ('LS180526010020', '3', '-0.04000000000000625', null, null);
INSERT INTO `sc_bill_pay` VALUES ('LS180526010020', '16', '57.3', null, null);
INSERT INTO `sc_bill_pay` VALUES ('LS180526010021', '3', '-0.00999999999999801', null, null);
INSERT INTO `sc_bill_pay` VALUES ('LS180526010021', '16', '14', null, null);
INSERT INTO `sc_bill_pay` VALUES ('LS180526010022', '3', '-0.030000000000001137', null, null);
INSERT INTO `sc_bill_pay` VALUES ('LS180526010022', '16', '100', null, null);
INSERT INTO `sc_bill_pay` VALUES ('LS180526010022', '18', '26.5', null, null);
INSERT INTO `sc_bill_pay` VALUES ('LS180526010023', '16', '34', null, null);
INSERT INTO `sc_bill_pay` VALUES ('LS180527010001', '3', '0.019999999999999574', null, null);
INSERT INTO `sc_bill_pay` VALUES ('LS180527010001', '16', '15.5', null, null);
INSERT INTO `sc_bill_pay` VALUES ('LS180527010002', '3', '-0.030000000000001137', null, null);
INSERT INTO `sc_bill_pay` VALUES ('LS180527010002', '16', '18.2', null, null);
INSERT INTO `sc_bill_pay` VALUES ('LS180527010003', '3', '0.019999999999999574', null, null);
INSERT INTO `sc_bill_pay` VALUES ('LS180527010003', '16', '23.3', null, null);
INSERT INTO `sc_bill_pay` VALUES ('LS180527010004', '3', '-0.019999999999999574', null, null);
INSERT INTO `sc_bill_pay` VALUES ('LS180527010004', '16', '12.2', null, null);
INSERT INTO `sc_bill_pay` VALUES ('LS180527010005', '3', '0.019999999999999574', null, null);
INSERT INTO `sc_bill_pay` VALUES ('LS180527010005', '16', '13.3', null, null);
INSERT INTO `sc_bill_pay` VALUES ('LS180527010006', '3', '0.030000000000000027', null, null);
INSERT INTO `sc_bill_pay` VALUES ('LS180527010006', '16', '0.6', null, null);
INSERT INTO `sc_bill_pay` VALUES ('LS180527010007', '3', '0.03999999999999915', null, null);
INSERT INTO `sc_bill_pay` VALUES ('LS180527010007', '16', '15.3', null, null);
INSERT INTO `sc_bill_pay` VALUES ('LS180527010008', '3', '0.009999999999999787', null, null);
INSERT INTO `sc_bill_pay` VALUES ('LS180527010008', '16', '3', null, null);
INSERT INTO `sc_bill_pay` VALUES ('LS180527010009', '3', '-0.010000000000000009', null, null);
INSERT INTO `sc_bill_pay` VALUES ('LS180527010009', '16', '1.8', null, null);
INSERT INTO `sc_bill_pay` VALUES ('LS180527010010', '16', '8', null, null);
INSERT INTO `sc_bill_pay` VALUES ('LS180527010011', '16', '31.1', null, null);
INSERT INTO `sc_bill_pay` VALUES ('LS180527010012', '3', '0.030000000000008242', null, null);
INSERT INTO `sc_bill_pay` VALUES ('LS180527010012', '16', '49.5', null, null);
INSERT INTO `sc_bill_pay` VALUES ('LS180527010013', '3', '-0.030000000000001137', null, null);
INSERT INTO `sc_bill_pay` VALUES ('LS180527010013', '16', '65.3', null, null);
INSERT INTO `sc_bill_pay` VALUES ('LS180527010014', '16', '24.3', null, null);
INSERT INTO `sc_bill_pay` VALUES ('LS180527010015', '3', '-0.020000000000003126', null, null);
INSERT INTO `sc_bill_pay` VALUES ('LS180527010015', '16', '60', null, null);
INSERT INTO `sc_bill_pay` VALUES ('LS180527010015', '18', '0.3', null, null);
INSERT INTO `sc_bill_pay` VALUES ('LS180527010016', '16', '12.6', null, null);
INSERT INTO `sc_bill_pay` VALUES ('LS180527010017', '3', '0.02999999999999403', null, null);
INSERT INTO `sc_bill_pay` VALUES ('LS180527010017', '16', '34.2', null, null);
INSERT INTO `sc_bill_pay` VALUES ('LS180527010018', '3', '-0.029999999999997584', null, null);
INSERT INTO `sc_bill_pay` VALUES ('LS180527010018', '16', '20.4', null, null);
INSERT INTO `sc_bill_pay` VALUES ('LS180527010019', '3', '0.04999999999998295', null, null);
INSERT INTO `sc_bill_pay` VALUES ('LS180527010019', '16', '65.4', null, null);
INSERT INTO `sc_bill_pay` VALUES ('LS180527010020', '3', '-0.029999999999997584', null, null);
INSERT INTO `sc_bill_pay` VALUES ('LS180527010020', '16', '27.4', null, null);
INSERT INTO `sc_bill_pay` VALUES ('LS180527010021', '3', '0.02999999999999936', null, null);
INSERT INTO `sc_bill_pay` VALUES ('LS180527010021', '16', '20', null, null);
INSERT INTO `sc_bill_pay` VALUES ('LS180527010021', '18', '5.6', null, null);
INSERT INTO `sc_bill_pay` VALUES ('LS180527010022', '3', '0.030000000000001137', null, null);
INSERT INTO `sc_bill_pay` VALUES ('LS180527010022', '16', '18.7', null, null);
INSERT INTO `sc_bill_pay` VALUES ('LS180527010023', '16', '28.3', null, null);
INSERT INTO `sc_bill_pay` VALUES ('LS180527010024', '16', '13.5', null, null);
INSERT INTO `sc_bill_pay` VALUES ('LS180527010025', '3', '0.040000000000000036', null, null);
INSERT INTO `sc_bill_pay` VALUES ('LS180527010025', '16', '6.9', null, null);
INSERT INTO `sc_bill_pay` VALUES ('LS180527010026', '3', '0.00999999999999801', null, null);
INSERT INTO `sc_bill_pay` VALUES ('LS180527010026', '16', '57.9', null, null);
INSERT INTO `sc_bill_pay` VALUES ('LS180527010027', '3', '-0.010000000000001563', null, null);
INSERT INTO `sc_bill_pay` VALUES ('LS180527010027', '16', '9.8', null, null);
INSERT INTO `sc_bill_pay` VALUES ('LS180527010028', '3', '-0.01999999999999602', null, null);
INSERT INTO `sc_bill_pay` VALUES ('LS180527010028', '16', '30.4', null, null);
INSERT INTO `sc_bill_pay` VALUES ('LS180527010029', '16', '27', null, null);
INSERT INTO `sc_bill_pay` VALUES ('LS180527010030', '3', '0.0400000000000027', null, null);
INSERT INTO `sc_bill_pay` VALUES ('LS180527010030', '16', '16.5', null, null);
INSERT INTO `sc_bill_pay` VALUES ('LS180528010001', '16', '300', '18050001', '王周悦[000011]');
INSERT INTO `sc_bill_pay` VALUES ('LS180528010001', '12', '300', '18050001', '王周悦[000011]');
INSERT INTO `sc_bill_pay` VALUES ('LS180528010001', '19', '20', '18050001', '王周悦[000011]');
INSERT INTO `sc_bill_pay` VALUES ('LS180528010002', '16', '5', null, null);
INSERT INTO `sc_bill_pay` VALUES ('LS180528010002', '15', '0', '18050001', '王周悦');
INSERT INTO `sc_bill_pay` VALUES ('LS180528010003', '16', '5', null, null);
INSERT INTO `sc_bill_pay` VALUES ('LS180528010004', '10', '57.5', '18050001', '王周悦[000011]');
INSERT INTO `sc_bill_pay` VALUES ('LS180528010004', '15', '0', '18050001', '王周悦');
INSERT INTO `sc_bill_pay` VALUES ('LS180528010005', '16', '888', '18050002', '依然[000001]');
INSERT INTO `sc_bill_pay` VALUES ('LS180528010005', '12', '888', '18050002', '依然[000001]');
INSERT INTO `sc_bill_pay` VALUES ('LS180528010006', '3', '0.04999999999998295', null, null);
INSERT INTO `sc_bill_pay` VALUES ('LS180528010006', '16', '139.9', null, null);
INSERT INTO `sc_bill_pay` VALUES ('LS180528010006', '15', '0', '18050002', '依然');
INSERT INTO `sc_bill_pay` VALUES ('LS180528010007', '3', '0.04999999999998295', null, null);
INSERT INTO `sc_bill_pay` VALUES ('LS180528010007', '10', '139.9', '18050002', '依然[000001]');
INSERT INTO `sc_bill_pay` VALUES ('LS180528010007', '15', '0', '18050002', '依然');
INSERT INTO `sc_bill_pay` VALUES ('LS180528010008', '3', '0.04999999999998295', null, null);
INSERT INTO `sc_bill_pay` VALUES ('LS180528010008', '10', '139.9', '18050002', '依然[000001]');
INSERT INTO `sc_bill_pay` VALUES ('LS180528010008', '15', '0', '18050002', '依然');
INSERT INTO `sc_bill_pay` VALUES ('LS180528010009', '13', '0', '18050002', '依然');
INSERT INTO `sc_bill_pay` VALUES ('LS180528010009', '12', '0', '18050002', '依然');

-- ----------------------------
-- Table structure for sc_business
-- ----------------------------
DROP TABLE IF EXISTS `sc_business`;
CREATE TABLE `sc_business` (
  `no` varchar(255) NOT NULL,
  `type` int(11) DEFAULT NULL,
  `amount` double DEFAULT '0',
  `paid` double DEFAULT '0',
  `make_employee_id` int(255) DEFAULT NULL,
  `make_employee_name` varchar(255) DEFAULT NULL,
  `makeDateTime` datetime DEFAULT NULL,
  `review_employee_id` int(255) DEFAULT NULL,
  `review_employee_name` varchar(255) DEFAULT NULL,
  `reviewDateTime` datetime DEFAULT NULL,
  `target_id` int(11) DEFAULT NULL COMMENT '供应商 客户编号',
  `target_name` varchar(255) DEFAULT NULL COMMENT '供应商 客户姓名',
  `state` int(11) DEFAULT '0',
  `cloudState` int(11) DEFAULT '0',
  `remark` varchar(255) DEFAULT NULL,
  PRIMARY KEY (`no`)
) ENGINE=InnoDB DEFAULT CHARSET=utf8 ROW_FORMAT=COMPACT;

-- ----------------------------
-- Records of sc_business
-- ----------------------------

-- ----------------------------
-- Table structure for sc_business_check_item
-- ----------------------------
DROP TABLE IF EXISTS `sc_business_check_item`;
CREATE TABLE `sc_business_check_item` (
  `business_no` varchar(255) NOT NULL,
  `item_id` int(11) DEFAULT NULL,
  `barcode` varchar(255) NOT NULL,
  `name` varchar(255) DEFAULT NULL,
  `spec` varchar(255) DEFAULT NULL,
  `unit` varchar(255) DEFAULT NULL,
  `class_no` varchar(255) DEFAULT NULL,
  `curInventory` double DEFAULT NULL COMMENT '现库存',
  `oriInventory` double DEFAULT NULL COMMENT '原库存',
  `quantity` double DEFAULT NULL COMMENT '增减数量',
  `price` double DEFAULT NULL,
  `totalPrice` double DEFAULT NULL COMMENT '增减小计',
  `remark` varchar(255) DEFAULT NULL
) ENGINE=InnoDB DEFAULT CHARSET=utf8 ROW_FORMAT=COMPACT;

-- ----------------------------
-- Records of sc_business_check_item
-- ----------------------------

-- ----------------------------
-- Table structure for sc_business_modify_item
-- ----------------------------
DROP TABLE IF EXISTS `sc_business_modify_item`;
CREATE TABLE `sc_business_modify_item` (
  `business_no` varchar(255) NOT NULL,
  `item_id` int(11) DEFAULT NULL,
  `barcode` varchar(255) DEFAULT NULL,
  `name` varchar(255) DEFAULT NULL,
  `spec` varchar(255) DEFAULT NULL,
  `unit` varchar(255) DEFAULT NULL,
  `class_no` varchar(255) DEFAULT NULL,
  `oriSalePrice` double DEFAULT NULL,
  `curSalePrice` double DEFAULT NULL,
  `oriMemberPrice` double DEFAULT NULL,
  `curMemberPrice` double DEFAULT NULL,
  `oriStockPrice` double DEFAULT NULL,
  `curStockPrice` double DEFAULT NULL,
  `remark` varchar(255) DEFAULT NULL
) ENGINE=InnoDB DEFAULT CHARSET=utf8 ROW_FORMAT=COMPACT;

-- ----------------------------
-- Records of sc_business_modify_item
-- ----------------------------

-- ----------------------------
-- Table structure for sc_business_pay
-- ----------------------------
DROP TABLE IF EXISTS `sc_business_pay`;
CREATE TABLE `sc_business_pay` (
  `business_no` varchar(255) NOT NULL,
  `type` int(11) NOT NULL COMMENT '支付类型',
  `amount` double NOT NULL COMMENT '金额',
  `inputDateTime` datetime NOT NULL COMMENT '时间',
  `target_id` int(11) NOT NULL COMMENT '目标ID',
  `target_name` varchar(255) NOT NULL COMMENT '目标名称',
  `cashier_id` int(11) NOT NULL COMMENT '收银员ID',
  `cashier_name` varchar(255) NOT NULL COMMENT '收银员名称',
  `remark` varchar(255) NOT NULL
) ENGINE=InnoDB DEFAULT CHARSET=utf8 ROW_FORMAT=COMPACT;

-- ----------------------------
-- Records of sc_business_pay
-- ----------------------------

-- ----------------------------
-- Table structure for sc_business_stock_item
-- ----------------------------
DROP TABLE IF EXISTS `sc_business_stock_item`;
CREATE TABLE `sc_business_stock_item` (
  `business_no` varchar(255) NOT NULL,
  `item_id` int(11) DEFAULT NULL,
  `barcode` varchar(255) NOT NULL,
  `name` varchar(255) DEFAULT NULL,
  `spec` varchar(255) DEFAULT NULL,
  `unit` varchar(255) DEFAULT NULL,
  `class_no` varchar(255) DEFAULT NULL,
  `taxPoint` double DEFAULT NULL COMMENT '用于计算税',
  `quantity` double DEFAULT '0',
  `price` double DEFAULT '0',
  `totalPrice` double DEFAULT '0',
  `tax` double DEFAULT NULL,
  `manufactureDate` date DEFAULT NULL COMMENT '生产日期',
  `shelfLife` int(11) DEFAULT NULL COMMENT '保质期',
  `limitDate` date DEFAULT NULL COMMENT '到期时间',
  `remindFlag` int(11) DEFAULT '0' COMMENT '提醒',
  `remark` varchar(255) DEFAULT NULL
) ENGINE=InnoDB DEFAULT CHARSET=utf8 ROW_FORMAT=COMPACT;

-- ----------------------------
-- Records of sc_business_stock_item
-- ----------------------------

-- ----------------------------
-- Table structure for sc_customer
-- ----------------------------
DROP TABLE IF EXISTS `sc_customer`;
CREATE TABLE `sc_customer` (
  `id` int(11) NOT NULL,
  `name` varchar(255) DEFAULT NULL,
  `pinyin` varchar(255) DEFAULT NULL,
  `phone` varchar(255) DEFAULT NULL,
  `address` varchar(255) DEFAULT NULL,
  `nationalID` varchar(255) DEFAULT NULL,
  `economyID` varchar(255) DEFAULT NULL,
  `arrearage` double DEFAULT NULL,
  `remark` varchar(255) DEFAULT NULL,
  `state` int(11) DEFAULT '0',
  `cloudState` int(11) DEFAULT '0',
  PRIMARY KEY (`id`)
) ENGINE=InnoDB DEFAULT CHARSET=utf8 ROW_FORMAT=COMPACT;

-- ----------------------------
-- Records of sc_customer
-- ----------------------------

-- ----------------------------
-- Table structure for sc_customer_itemprice
-- ----------------------------
DROP TABLE IF EXISTS `sc_customer_itemprice`;
CREATE TABLE `sc_customer_itemprice` (
  `customer_id` int(11) NOT NULL,
  `item_id` int(11) NOT NULL,
  `price` double DEFAULT NULL,
  PRIMARY KEY (`customer_id`,`item_id`)
) ENGINE=InnoDB DEFAULT CHARSET=utf8 ROW_FORMAT=COMPACT;

-- ----------------------------
-- Records of sc_customer_itemprice
-- ----------------------------

-- ----------------------------
-- Table structure for sc_device
-- ----------------------------
DROP TABLE IF EXISTS `sc_device`;
CREATE TABLE `sc_device` (
  `id` int(11) NOT NULL AUTO_INCREMENT,
  `name` varchar(255) DEFAULT NULL,
  `deviceType` int(11) DEFAULT NULL COMMENT '设备类型',
  `deviceModel` int(11) DEFAULT '1' COMMENT '设备型号',
  `connectType` int(11) DEFAULT '1' COMMENT '连接类型',
  `paperSizeType` int(11) DEFAULT '1' COMMENT '纸张类型',
  `flowType` int(11) DEFAULT NULL COMMENT '流控类型',
  `baudRateType` int(11) DEFAULT NULL COMMENT '波特率',
  `hasBox` int(11) DEFAULT NULL COMMENT '有钱箱',
  `vid` varchar(255) DEFAULT NULL,
  `pid` varchar(255) DEFAULT NULL,
  `ip` varchar(255) DEFAULT NULL,
  `port` varchar(255) DEFAULT NULL,
  `serialName` varchar(255) DEFAULT NULL,
  `boxInstruction` varchar(255) DEFAULT NULL,
  PRIMARY KEY (`id`)
) ENGINE=InnoDB AUTO_INCREMENT=4 DEFAULT CHARSET=utf8 ROW_FORMAT=COMPACT;

-- ----------------------------
-- Records of sc_device
-- ----------------------------
INSERT INTO `sc_device` VALUES ('1', 'MINI58-USB', '1', '4', '5', '1', '0', '2400', '1', '1659', '8963', '', '', 'COM1', '1B70002828');
INSERT INTO `sc_device` VALUES ('2', '内置', '3', '3', '3', '1', '0', '9600', '1', '1155', '33054', '', '', 'COM1', '1B70002828');
INSERT INTO `sc_device` VALUES ('3', '默认客显', '5', '0', '3', '1', '0', '9600', '1', '1155', '33054', null, null, '/dev/ttyS5', '1B70002828');

-- ----------------------------
-- Table structure for sc_employee
-- ----------------------------
DROP TABLE IF EXISTS `sc_employee`;
CREATE TABLE `sc_employee` (
  `id` int(11) NOT NULL,
  `type` int(11) DEFAULT NULL,
  `name` varchar(255) DEFAULT NULL,
  `password` varchar(255) NOT NULL DEFAULT '',
  `discountDegree` double DEFAULT '100' COMMENT '最高折扣1~100',
  `remark` varchar(255) DEFAULT NULL,
  `buildDateTime` datetime DEFAULT NULL,
  `lastLoginDateTime` datetime DEFAULT NULL,
  `loginCount` int(11) DEFAULT '0',
  `state` int(11) DEFAULT '0',
  `cloudState` int(11) DEFAULT '0',
  PRIMARY KEY (`id`)
) ENGINE=InnoDB DEFAULT CHARSET=utf8 ROW_FORMAT=COMPACT;

-- ----------------------------
-- Records of sc_employee
-- ----------------------------
INSERT INTO `sc_employee` VALUES ('1001', '2', '员工', '', '90', '默认', '2018-05-23 14:55:29', '2018-05-28 16:09:20', '37', '0', '0');

-- ----------------------------
-- Table structure for sc_employee_operation
-- ----------------------------
DROP TABLE IF EXISTS `sc_employee_operation`;
CREATE TABLE `sc_employee_operation` (
  `id` int(11) NOT NULL AUTO_INCREMENT,
  `type` int(11) DEFAULT NULL,
  `operateDateTime` datetime DEFAULT NULL,
  `employee_id` int(11) DEFAULT NULL,
  `remark` varchar(255) DEFAULT NULL,
  PRIMARY KEY (`id`)
) ENGINE=InnoDB DEFAULT CHARSET=utf8 ROW_FORMAT=COMPACT;

-- ----------------------------
-- Records of sc_employee_operation
-- ----------------------------

-- ----------------------------
-- Table structure for sc_employee_permission
-- ----------------------------
DROP TABLE IF EXISTS `sc_employee_permission`;
CREATE TABLE `sc_employee_permission` (
  `employee_id` int(11) DEFAULT NULL,
  `permissionID` int(11) DEFAULT NULL
) ENGINE=InnoDB DEFAULT CHARSET=utf8 ROW_FORMAT=COMPACT;

-- ----------------------------
-- Records of sc_employee_permission
-- ----------------------------
INSERT INTO `sc_employee_permission` VALUES ('1001', '312');
INSERT INTO `sc_employee_permission` VALUES ('1001', '307');
INSERT INTO `sc_employee_permission` VALUES ('1001', '306');
INSERT INTO `sc_employee_permission` VALUES ('1001', '305');
INSERT INTO `sc_employee_permission` VALUES ('1001', '304');
INSERT INTO `sc_employee_permission` VALUES ('1001', '203');
INSERT INTO `sc_employee_permission` VALUES ('1001', '311');
INSERT INTO `sc_employee_permission` VALUES ('1001', '202');
INSERT INTO `sc_employee_permission` VALUES ('1001', '310');
INSERT INTO `sc_employee_permission` VALUES ('1001', '201');
INSERT INTO `sc_employee_permission` VALUES ('1001', '309');
INSERT INTO `sc_employee_permission` VALUES ('1001', '308');
INSERT INTO `sc_employee_permission` VALUES ('1001', '207');
INSERT INTO `sc_employee_permission` VALUES ('1001', '206');
INSERT INTO `sc_employee_permission` VALUES ('1001', '205');
INSERT INTO `sc_employee_permission` VALUES ('1001', '204');
INSERT INTO `sc_employee_permission` VALUES ('1001', '303');
INSERT INTO `sc_employee_permission` VALUES ('1001', '302');
INSERT INTO `sc_employee_permission` VALUES ('1001', '301');
INSERT INTO `sc_employee_permission` VALUES ('1001', '313');
INSERT INTO `sc_employee_permission` VALUES ('1001', '208');

-- ----------------------------
-- Table structure for sc_hand
-- ----------------------------
DROP TABLE IF EXISTS `sc_hand`;
CREATE TABLE `sc_hand` (
  `id` int(11) DEFAULT NULL,
  `inputDateTime` datetime DEFAULT NULL,
  `employee_id` int(11) DEFAULT NULL,
  `pos_id` int(11) DEFAULT NULL,
  `billCount` int(11) DEFAULT NULL,
  `originalCost` double DEFAULT NULL,
  `salingCost` double DEFAULT '0',
  `presentCost` double DEFAULT NULL,
  `actuallyPaid` double DEFAULT NULL,
  `tax` double DEFAULT '0',
  `cloudState` int(11) DEFAULT '0'
) ENGINE=InnoDB DEFAULT CHARSET=utf8 ROW_FORMAT=COMPACT;

-- ----------------------------
-- Records of sc_hand
-- ----------------------------

-- ----------------------------
-- Table structure for sc_hand_item
-- ----------------------------
DROP TABLE IF EXISTS `sc_hand_item`;
CREATE TABLE `sc_hand_item` (
  `hand_id` int(11) DEFAULT NULL,
  `type` int(11) DEFAULT NULL,
  `amount` double DEFAULT NULL
) ENGINE=InnoDB DEFAULT CHARSET=utf8 ROW_FORMAT=COMPACT;

-- ----------------------------
-- Records of sc_hand_item
-- ----------------------------

-- ----------------------------
-- Table structure for sc_item
-- ----------------------------
DROP TABLE IF EXISTS `sc_item`;
CREATE TABLE `sc_item` (
  `id` int(11) NOT NULL,
  `barcode` varchar(50) DEFAULT NULL COMMENT '条码',
  `type` int(11) DEFAULT '1' COMMENT '商品类型',
  `name` varchar(255) DEFAULT NULL COMMENT '名称',
  `pinyin` varchar(50) DEFAULT NULL COMMENT '拼音',
  `spec` varchar(50) DEFAULT NULL COMMENT '规格',
  `unit` varchar(50) DEFAULT NULL COMMENT '单位',
  `flavor` varchar(255) DEFAULT NULL COMMENT '口味',
  `color` varchar(255) DEFAULT NULL COMMENT '颜色',
  `size` varchar(255) DEFAULT NULL COMMENT '尺码',
  `quality` varchar(255) DEFAULT NULL COMMENT '成色',
  `shelfLife` int(11) DEFAULT NULL COMMENT '保质期',
  `shelfPosition` varchar(255) DEFAULT NULL,
  `tare` double DEFAULT NULL COMMENT '皮重',
  `productionPlace` varchar(50) DEFAULT NULL COMMENT '产地',
  `class_no` varchar(50) DEFAULT '0' COMMENT '分类',
  `brand_id` int(11) DEFAULT '0' COMMENT '品牌id',
  `supplier_id` int(11) DEFAULT NULL COMMENT '供应商id',
  `lastestStockPrice` double DEFAULT '0' COMMENT '最新进价',
  `meanStockPrice` double DEFAULT '0' COMMENT '平均进价',
  `salePrice` double DEFAULT '0' COMMENT '销售价',
  `memberPrice` double DEFAULT '0' COMMENT '会员价',
  `taxPoint` double DEFAULT '0' COMMENT '税点',
  `taxPoint2` double DEFAULT '0' COMMENT '税点2',
  `taxPoint3` double DEFAULT '0' COMMENT '税点3',
  `taxType` int(11) DEFAULT NULL COMMENT '税收类型',
  `returnFlag` int(11) DEFAULT NULL COMMENT '退货标识',
  `weighFlag` int(11) DEFAULT '0' COMMENT '称重标识',
  `discountFlag` int(11) DEFAULT '1' COMMENT '打折标识',
  `pointFlag` int(11) DEFAULT '1' COMMENT '积分标识',
  `inventory` double DEFAULT '0' COMMENT '库存',
  `inventoryMax` double DEFAULT '0' COMMENT '最大库存',
  `inventoryMin` double DEFAULT '0' COMMENT '最低库存',
  `clerkBonusType` int(11) DEFAULT '0' COMMENT '营业员提成类型',
  `clerkBonusValue` double DEFAULT '0' COMMENT '提成数量',
  `jointRate` double DEFAULT '0' COMMENT '联营扣率',
  `combine` varchar(255) DEFAULT NULL COMMENT '组合商品',
  `ownCode` varchar(255) DEFAULT NULL COMMENT '一品多码',
  `ownPrice` varchar(1024) DEFAULT '' COMMENT '一品多价',
  `totalPurchaseQuantity` double DEFAULT '0' COMMENT '进货总数量',
  `totalPurchaseAmount` double DEFAULT '0' COMMENT '进货总金额',
  `state` int(11) DEFAULT '0' COMMENT '商品状态',
  `cloudState` int(11) DEFAULT '0' COMMENT '上传标志',
  PRIMARY KEY (`id`)
) ENGINE=InnoDB DEFAULT CHARSET=utf8 ROW_FORMAT=COMPACT;

-- ----------------------------
-- Records of sc_item
-- ----------------------------
INSERT INTO `sc_item` VALUES ('1', '1', '1', '养乐多', 'yld', '', '默认单位', null, null, null, null, '0', '', '0', '', '18050001', '0', '0', '0', '0', '11', '0', '0', '0', '0', '1', '1', '0', '1', '1', '-8.666', '0', '0', '2', '0', '0', null, null, null, '0', '0', '-1', '0');
INSERT INTO `sc_item` VALUES ('2', '2', '1', '开心果', 'kxg', '', '默认单位', null, null, null, null, '0', '', '0', '', '18050001', '0', '0', '0', '0', '72', '0', '0', '0', '0', '1', '1', '1', '1', '1', '-2.4400000000000004', '0', '0', '2', '0', '0', null, null, null, '0', '0', '-1', '0');
INSERT INTO `sc_item` VALUES ('3', '6935958001011', '1', '钻石糖', 'zst', '', '个', null, null, null, null, '0', '', '0', '', '0', '0', '0', '0.8', '0.8', '1.5', '1.35', '0', '0', '0', '1', '1', '0', '1', '1', '10', '0', '0', '2', '0', '0', null, null, null, '30', '24', '0', '0');
INSERT INTO `sc_item` VALUES ('4', '6939501802483', '1', '口红糖', 'kht', '', '个', null, null, null, null, '0', '', '0', '', '0', '0', '0', '2.5', '2.5', '5', '4.5', '0', '0', '0', '1', '1', '0', '1', '1', '18', '0', '0', '2', '0', '0', null, null, null, '18', '45', '0', '0');
INSERT INTO `sc_item` VALUES ('5', '6908312001880', '1', '欣欣杯', 'xxb', '', '个', null, null, null, null, '0', '', '0', '', '0', '0', '0', '2.5', '2.5', '4.5', '4.05', '0', '0', '0', '1', '1', '0', '1', '1', '24', '0', '0', '2', '0', '0', null, ';6908312000814;6908312000852;6908312000753;', null, '24', '60', '0', '0');
INSERT INTO `sc_item` VALUES ('6', '80974482', '1', '建达曲奇蛋', 'jdqqd', '', '个', null, null, null, null, '0', '', '0', '', '0', '0', '0', '6.25', '6.25', '8.5', '7.65', '0', '0', '0', '1', '1', '0', '1', '1', '96', '0', '0', '2', '0', '0', null, ';80768258;', null, '96', '600', '0', '0');
INSERT INTO `sc_item` VALUES ('7', '6902083914370', '1', '娃哈哈钙多多', 'whhgdd', '', '个', null, null, null, null, '0', '', '0', '', '0', '0', '0', '3.5', '3.5', '5', '5', '0', '0', '0', '1', '1', '0', '0', '1', '41', '0', '0', '2', '0', '0', null, ';6902083914387;', null, '48', '168', '0', '0');
INSERT INTO `sc_item` VALUES ('8', '6958303802132', '1', '周小贱系列', 'zxjxl', '', '盒', null, null, null, null, '0', '', '0', '', '0', '0', '0', '5.5', '5.5', '9.8', '8.82', '0', '0', '0', '1', '1', '0', '1', '1', '15', '0', '0', '2', '0', '0', null, ';6958303802163;6958303802125;', null, '15', '82.5', '0', '0');
INSERT INTO `sc_item` VALUES ('9', '6958111900549', '1', '健美滋山泉水', 'jmzsqs', '', '瓶', null, null, null, null, '0', '', '0', '', '0', '0', '0', '7.5', '0', '10', '10', '0', '0', '0', '1', '1', '0', '0', '1', '-2', '0', '0', '2', '0', '0', null, null, null, '0', '0', '0', '0');
INSERT INTO `sc_item` VALUES ('10', '6971117600015', '1', '水恋湾', 'slw', '', '瓶', null, null, null, null, '0', '', '0', '', '0', '0', '0', '6.5', '6.5', '10', '10', '0', '0', '0', '1', '1', '0', '0', '1', '10', '0', '0', '2', '0', '0', null, null, null, '15', '97.5', '0', '0');
INSERT INTO `sc_item` VALUES ('11', '6971019512027', '1', '益河源优体', 'yhyyt', '', '瓶', null, null, null, null, '0', '', '0', '', '0', '0', '0', '2.5', '2.5', '5', '5', '0', '0', '0', '1', '1', '0', '0', '1', '44', '0', '0', '2', '0', '0', null, ';6971019512010;6971019512034;', null, '45', '112.5', '0', '0');
INSERT INTO `sc_item` VALUES ('12', '6924546000550', '1', '小猪佩奇蔬菜饼', 'xzpqscb', '', '盒', null, null, null, null, '0', '', '0', '', '0', '0', '0', '6.5', '6.5', '15', '13.5', '0', '0', '0', '1', '1', '0', '1', '1', '6', '0', '0', '2', '0', '0', null, null, null, '6', '39', '0', '0');
INSERT INTO `sc_item` VALUES ('13', '6921892302512', '1', '奥林达台湾烧仙草', 'aldtwsxc', '', '盒', null, null, null, null, '0', '', '0', '', '0', '0', '0', '9', '9', '15', '13.5', '0', '0', '0', '1', '1', '0', '1', '1', '11', '0', '0', '2', '0', '0', null, null, null, '12', '108', '0', '0');
INSERT INTO `sc_item` VALUES ('14', '6971497650013', '1', '潘多乐芝麻夹心海苔', 'pdlzmjxht', '', '盒', null, null, null, null, '0', '', '0', '', '0', '0', '0', '15', '15', '19.8', '17.82', '0', '0', '0', '1', '1', '0', '1', '1', '10', '0', '0', '2', '0', '0', null, null, null, '10', '150', '0', '0');
INSERT INTO `sc_item` VALUES ('15', '6970741980708', '1', '水军糯米锅巴', 'sjnmgb', '', '包', null, null, null, null, '0', '', '0', '', '0', '0', '0', '10.8', '10.8', '15', '13.5', '0', '0', '0', '1', '1', '0', '1', '1', '9', '0', '0', '2', '0', '0', null, null, null, '10', '108', '0', '0');
INSERT INTO `sc_item` VALUES ('16', '8809420330696', '1', 'zek蜂蜜柚子茶', 'zekfm zc', '', '瓶', null, null, null, null, '0', '', '0', '', '0', '0', '0', '33', '33', '49', '44.1', '0', '0', '0', '1', '1', '0', '1', '1', '5', '0', '0', '2', '0', '0', null, null, null, '6', '198', '0', '0');
INSERT INTO `sc_item` VALUES ('17', '697055951999', '1', '鑫宇石季黄桃罐头', ' ysjhtgt', '', '瓶', null, null, null, null, '0', '', '0', '', '0', '0', '0', '5', '5', '8', '7.2', '0', '0', '0', '1', '1', '0', '1', '1', '6', '0', '0', '2', '0', '0', null, null, null, '12', '60', '0', '0');
INSERT INTO `sc_item` VALUES ('18', '6927583705693', '1', '小猪佩奇哨子', 'xzpqsz', '', '个', null, null, null, null, '0', '', '0', '', '0', '0', '0', '5', '5', '13.8', '12.42', '0', '0', '0', '1', '1', '0', '1', '1', '4', '0', '0', '2', '0', '0', null, ';6927583705686;', null, '5', '25', '0', '0');
INSERT INTO `sc_item` VALUES ('19', '6971604850053', '1', '小猪佩奇手表', 'xzpqsb', '', '个', null, null, null, null, '0', '', '0', '', '0', '0', '0', '6.5', '6.5', '15', '13.5', '0', '0', '0', '1', '1', '0', '1', '1', '11', '0', '0', '2', '0', '0', null, null, null, '12', '78', '0', '0');
INSERT INTO `sc_item` VALUES ('20', '4897075980216', '1', '小猪佩奇水杯', 'xzpqsb', '', '默认单位', null, null, null, null, '0', '', '0', '', '0', '0', '0', '12', '12', '25', '22.5', '0', '0', '0', '1', '1', '0', '1', '1', '8', '0', '0', '2', '0', '0', null, null, null, '10', '120', '0', '0');
INSERT INTO `sc_item` VALUES ('21', '8801073110502', '1', '三养火鸡面', 'syhjm', '', '包', null, null, null, null, '0', '', '0', '', '0', '0', '0', '4.4', '4.4', '7', '6.3', '0', '0', '0', '1', '1', '0', '1', '1', '40', '0', '0', '2', '0', '0', null, null, null, '40', '176', '0', '0');
INSERT INTO `sc_item` VALUES ('22', '6970253800839', '1', '孖趣柠檬茶', '?qnmc', '', '包', null, null, null, null, '0', '', '0', '', '0', '0', '0', '1.6', '1.6', '3', '3', '0', '0', '0', '1', '1', '0', '1', '1', '20', '0', '0', '2', '0', '0', null, null, null, '20', '32', '0', '0');
INSERT INTO `sc_item` VALUES ('23', '00001', '1', '小牛酸奶', 'xnsn', '', '公斤', null, null, null, null, '0', '', '0', '', '0', '0', '0', '10', '10', '21.6', '19.44', '0', '0', '0', '1', '1', '1', '1', '1', '13.562', '0', '0', '2', '0', '0', null, null, null, '15', '150', '0', '0');
INSERT INTO `sc_item` VALUES ('24', '00002', '1', '悠酷乳酸菌酸奶', 'ykrsjsn', '', '公斤', null, null, null, null, '0', '', '0', '', '0', '0', '0', '10', '10', '21.6', '19.44', '0', '0', '0', '1', '1', '1', '1', '1', '5', '0', '0', '2', '0', '0', null, null, null, '5', '50', '0', '0');
INSERT INTO `sc_item` VALUES ('25', '00003', '1', '果不离生榨椰子冻', 'gblszyzd', '', '公斤', null, null, null, null, '0', '', '0', '', '0', '0', '0', '19', '19', '31.6', '28.44', '0', '0', '0', '1', '1', '1', '1', '1', '4.898', '0', '0', '2', '0', '0', null, null, null, '5', '95', '0', '0');
INSERT INTO `sc_item` VALUES ('26', '6971342410151', '1', '妙芙炒酸奶', 'm csn', '', '公斤', null, null, null, null, '0', '', '0', '', '0', '0', '0', '16', '16', '31.6', '28.44', '0', '0', '0', '1', '1', '1', '1', '1', '14.622', '0', '0', '2', '0', '0', null, null, null, '15', '240', '0', '0');
INSERT INTO `sc_item` VALUES ('27', '000001', '1', '11', '11', '', '默认单位', null, null, null, null, '0', '', '0', '', '18050001', '0', '0', '0', '0', '11', '11', '0', '0', '0', '1', '1', '1', '1', '1', '0', '0', '0', '2', '0', '0', null, null, null, '0', '0', '-1', '0');
INSERT INTO `sc_item` VALUES ('28', '00004', '1', '小白冻核桃冻/酸豆奶冻', 'xbdhtd/sdnd', '', '公斤', null, null, null, null, '0', '', '0', '', '0', '0', '0', '16', '16', '31.6', '28.44', '0', '0', '0', '1', '1', '1', '1', '1', '4.646000000000001', '0', '0', '2', '0', '0', null, null, null, '5', '80', '0', '0');
INSERT INTO `sc_item` VALUES ('29', '00005', '1', '华美世家果冻', 'hmsjgd', '', '公斤', null, null, null, null, '0', '', '0', '', '0', '0', '0', '10', '10', '21.6', '19.44', '0', '0', '0', '1', '1', '1', '1', '1', '14.558', '0', '0', '2', '0', '0', null, null, null, '15', '150', '0', '0');
INSERT INTO `sc_item` VALUES ('30', '00006', '1', '喜之郎系列', 'xzlxl', '', '公斤', null, null, null, null, '0', '', '0', '', '0', '0', '0', '20', '20', '31.6', '28.44', '0', '0', '0', '1', '1', '1', '1', '1', '8.658', '0', '0', '2', '0', '0', null, null, null, '10', '200', '0', '0');
INSERT INTO `sc_item` VALUES ('31', '6922046901537', '1', '果汁肉饮料', 'gzryl', '', '个', null, null, null, null, '0', '', '0', '', '0', '0', '0', '1.35', '1.35', '3', '2.7', '0', '0', '0', '1', '1', '0', '1', '1', '16', '0', '0', '2', '0', '0', null, ';6922046901520;', null, '16', '21.6', '0', '0');
INSERT INTO `sc_item` VALUES ('32', '00007', '1', '金大洲金针菇', 'jdzjzg', '', '公斤', null, null, null, null, '0', '', '0', '', '0', '0', '0', '38', '38', '51.6', '46.44', '0', '0', '0', '1', '1', '1', '1', '1', '2.4', '0', '0', '2', '0', '0', null, null, null, '2.5', '95', '0', '0');
INSERT INTO `sc_item` VALUES ('33', '00008', '1', '仟香百辣脆藕片', 'qxblcop', '', '公斤', null, null, null, null, '0', '', '0', '', '0', '0', '0', '30', '30', '39.6', '35.64', '0', '0', '0', '1', '1', '1', '1', '1', '1.494', '0', '0', '2', '0', '0', null, null, null, '2.5', '75', '0', '0');
INSERT INTO `sc_item` VALUES ('34', '00009', '1', '炎亭渔夫鱼豆腐', 'ytyfydf', '', '公斤', null, null, null, null, '0', '', '0', '', '0', '0', '0', '34', '34', '51.6', '46.44', '0', '0', '0', '1', '1', '1', '1', '1', '4.45', '0', '0', '2', '0', '0', null, null, null, '5', '170', '0', '0');
INSERT INTO `sc_item` VALUES ('35', '000010', '1', '江东村萝卜皮', 'jdclbp', '', '默认单位', null, null, null, null, '0', '', '0', '', '0', '0', '0', '22', '22', '31.6', '28.44', '0', '0', '0', '1', '1', '1', '1', '1', '1.9939999999999998', '0', '0', '2', '0', '0', null, null, null, '2.5', '55', '0', '0');
INSERT INTO `sc_item` VALUES ('36', '000011', '1', '微家烤素肉', 'wjksr', '', '公斤', null, null, null, null, '0', '', '0', '', '0', '0', '0', '30', '30', '39.6', '35.64', '0', '0', '0', '1', '1', '1', '1', '1', '2.442', '0', '0', '2', '0', '0', null, null, null, '2.5', '75', '0', '0');
INSERT INTO `sc_item` VALUES ('37', '000012', '1', '骥洋卤香鹌鹑蛋', ' ylx  d', '', '公斤', null, null, null, null, '0', '', '0', '', '0', '0', '0', '32', '32', '51.6', '46.44', '0', '0', '0', '1', '1', '1', '1', '1', '2.5', '0', '0', '2', '0', '0', null, null, null, '2.5', '80', '0', '0');
INSERT INTO `sc_item` VALUES ('38', '000013', '1', '康元饼干', 'kybg', '', '公斤', null, null, null, null, '0', '', '0', '', '0', '0', '0', '20', '20', '31.6', '28.44', '0', '0', '0', '1', '1', '1', '1', '1', '9.168', '0', '0', '2', '0', '0', null, null, null, '10', '200', '0', '0');
INSERT INTO `sc_item` VALUES ('39', '000014', '1', '卫龙亲嘴烧', 'wlqzs', '', '公斤', null, null, null, null, '0', '', '0', '', '0', '0', '0', '20', '20', '31.6', '28.44', '0', '0', '0', '1', '1', '1', '1', '1', '1.4219999999999997', '0', '0', '2', '0', '0', null, null, null, '2.5', '50', '0', '0');
INSERT INTO `sc_item` VALUES ('40', '6901496995068', '1', '麦丽素', 'mls', '', '公斤', null, null, null, null, '0', '', '0', '', '0', '0', '0', '0.7', '0.6999999999999998', '1.5', '1.35', '0', '0', '0', '1', '1', '0', '1', '1', '19', '0', '0', '2', '0', '0', null, null, null, '24', '16.8', '0', '0');
INSERT INTO `sc_item` VALUES ('41', '000015', '1', '微家铺子茶干', 'wjpzcg', '', '公斤', null, null, null, null, '0', '', '0', '', '0', '0', '0', '22', '22', '39.6', '35.64', '0', '0', '0', '1', '1', '1', '1', '1', '2.42', '0', '0', '2', '0', '0', null, null, null, '2.5', '55', '0', '0');
INSERT INTO `sc_item` VALUES ('42', '000016', '1', '小黄鱼', 'xhy', '', '公斤', null, null, null, null, '0', '', '0', '', '0', '0', '0', '60', '60', '98', '88.2', '0', '0', '0', '1', '1', '1', '1', '1', '2.134', '0', '0', '2', '0', '0', null, null, null, '2.5', '150', '0', '0');
INSERT INTO `sc_item` VALUES ('43', '000017', '1', '莎布雷武士曲奇', 'sblwsqq', '', '公斤', null, null, null, null, '0', '', '0', '', '0', '0', '0', '46', '46', '64', '57.6', '0', '0', '0', '1', '1', '1', '1', '1', '4.284000000000001', '0', '0', '2', '0', '0', null, null, null, '5', '230', '0', '0');
INSERT INTO `sc_item` VALUES ('44', '6945425132865', '1', '魏文清豆腐', 'wwqdf', '', '公斤', null, null, null, null, '0', '', '0', '', '0', '0', '0', '20', '20', '31.6', '28.44', '0', '0', '0', '1', '1', '1', '1', '1', '4.87', '0', '0', '2', '0', '0', null, ';6945425132865;', null, '5', '100', '0', '0');
INSERT INTO `sc_item` VALUES ('45', '000019', '1', '仟香百辣田螺肉', 'qxbltlr', '', '公斤', null, null, null, null, '0', '', '0', '', '0', '0', '0', '60', '60', '98', '88.2', '0', '0', '0', '1', '1', '1', '1', '1', '2.5', '0', '0', '2', '0', '0', null, null, null, '2.5', '150', '0', '0');
INSERT INTO `sc_item` VALUES ('46', '6940897400016', '1', '钦海然鸭蛋', 'qhryd', '', '个', null, null, null, null, '0', '', '0', '', '0', '0', '0', '1.2', '1.2', '2', '1.8', '0', '0', '0', '1', '1', '0', '1', '1', '40', '0', '0', '2', '0', '0', null, null, null, '40', '48', '1', '0');
INSERT INTO `sc_item` VALUES ('47', '000020', '1', '爽露爽米酿', 'slsmn', '', '公斤', null, null, null, null, '0', '', '0', '', '0', '0', '0', '20', '20', '31.6', '28.44', '0', '0', '0', '1', '1', '1', '1', '1', '24.636', '0', '0', '2', '0', '0', null, null, null, '25', '500', '0', '0');
INSERT INTO `sc_item` VALUES ('48', '6926416500078', '1', '绿色趣味多烤芙条', 'lsqwdk t', '', '个', null, null, null, null, '0', '', '0', '', '0', '0', '0', '1.8', '1.8', '2.5', '2.25', '0', '0', '0', '1', '1', '0', '1', '1', '198', '0', '0', '2', '0', '0', null, ';6926416500030;', null, '200', '360', '0', '0');
INSERT INTO `sc_item` VALUES ('49', '000022', '1', '芭米牛轧奶芙', 'bmnzn ', '', '公斤', null, null, null, null, '0', '', '0', '', '0', '0', '0', '32', '32', '47.6', '42.84', '0', '0', '0', '1', '1', '1', '1', '1', '4.4639999999999995', '0', '0', '2', '0', '0', null, null, null, '5', '160', '0', '0');
INSERT INTO `sc_item` VALUES ('50', '000023', '1', '芭米牛扎饼', 'bmnzb', '', '公斤', null, null, null, null, '0', '', '0', '', '0', '0', '0', '32', '32', '47.6', '42.84', '0', '0', '0', '1', '1', '1', '1', '1', '7.074', '0', '0', '2', '0', '0', null, null, null, '7.5', '240', '0', '0');
INSERT INTO `sc_item` VALUES ('51', '000024', '1', '法丽滋曲奇', 'flzqq', '', '公斤', null, null, null, null, '0', '', '0', '', '0', '0', '0', '32', '32', '47.6', '42.84', '0', '0', '0', '1', '1', '1', '1', '1', '6.652', '0', '0', '2', '0', '0', null, null, null, '7.5', '240', '0', '0');
INSERT INTO `sc_item` VALUES ('52', '8993175537445', '1', '丽芝士纳宝帝奶酪味饼干', 'lzsnbdnlwbg', '', '包', null, null, null, null, '0', '', '0', '', '0', '0', '0', '1.6', '1.6', '3', '2.7', '0', '0', '0', '1', '1', '0', '1', '1', '57', '0', '0', '2', '0', '0', null, null, null, '60', '96', '0', '0');
INSERT INTO `sc_item` VALUES ('53', '6949187398828', '1', '手工原味蛋糕', 'sgywdg', '', '公斤', null, null, null, null, '0', '', '0', '', '0', '0', '0', '26', '26', '39.6', '35.64', '0', '0', '0', '1', '1', '1', '1', '1', '5.306', '0', '0', '2', '0', '0', null, null, null, '6', '156', '0', '0');
INSERT INTO `sc_item` VALUES ('54', '000025', '1', '小白心里软', 'xbxlr', '', '公斤', null, null, null, null, '0', '', '0', '', '0', '0', '0', '32', '32', '47.6', '42.84', '0', '0', '0', '1', '1', '1', '1', '1', '1.776', '0', '0', '2', '0', '0', null, null, null, '2', '64', '0', '0');
INSERT INTO `sc_item` VALUES ('55', '6959479300316', '1', '沃隆每日坚果', 'wlmrjg', '', '包', null, null, null, null, '0', '', '0', '', '0', '0', '0', '3', '3', '4.5', '4.05', '0', '0', '0', '1', '1', '0', '1', '1', '57', '0', '0', '2', '0', '0', null, ';6959479300323;', null, '60', '180', '0', '0');
INSERT INTO `sc_item` VALUES ('56', '000026', '1', '水军蟹香/海鲜锅巴', 'sjxx/hxgb', '', '默认单位', null, null, null, null, '0', '', '0', '', '0', '0', '0', '40', '40', '58', '52.2', '0', '0', '0', '1', '1', '1', '1', '1', '5.39', '0', '0', '2', '0', '0', null, null, null, '6', '240', '0', '0');
INSERT INTO `sc_item` VALUES ('57', '000027', '1', '董小姐系列时光鸡', 'dxjxlsgj', '', '公斤', null, null, null, null, '0', '', '0', '', '0', '0', '0', '32', '32', '47.6', '42.84', '0', '0', '0', '1', '1', '1', '1', '1', '7.472', '0', '0', '2', '0', '0', null, null, null, '7.5', '240', '0', '0');
INSERT INTO `sc_item` VALUES ('58', '000028', '1', '麦初心语慕斯雪芙', 'mcxyms  ', '', '公斤', null, null, null, null, '0', '', '0', '', '0', '0', '0', '26', '26', '39.6', '35.64', '0', '0', '0', '1', '1', '1', '1', '1', '3.8760000000000003', '0', '0', '2', '0', '0', null, null, null, '4', '104', '0', '0');
INSERT INTO `sc_item` VALUES ('59', '6947366907533', '1', '舒润达奶茶', 'srdnc', '', '包', null, null, null, null, '0', '', '0', '', '0', '0', '0', '1.5', '1.5', '3', '2.7', '0', '0', '0', '1', '1', '0', '1', '1', '294', '0', '0', '2', '0', '0', null, ';6947366907519;6947366907526;', null, '300', '450', '0', '0');
INSERT INTO `sc_item` VALUES ('60', '6950254900394', '1', '夏果蜂蜜柠檬', 'xgfmnm', '', '包', null, null, null, null, '0', '', '0', '', '0', '0', '0', '1.5', '1.5', '2.5', '2.25', '0', '0', '0', '1', '1', '0', '1', '1', '94', '0', '0', '2', '0', '0', null, ';6950254900349;6950254900011;', null, '100', '150', '0', '0');
INSERT INTO `sc_item` VALUES ('61', '000029', '1', '嘉友大乃牛', 'jydnn', '', '公斤', null, null, null, null, '0', '', '0', '', '0', '0', '0', '30', '30', '39.6', '35.64', '0', '0', '0', '1', '1', '1', '1', '1', '5.57', '0', '0', '2', '0', '0', null, null, null, '6', '180', '0', '0');
INSERT INTO `sc_item` VALUES ('62', '000030', '1', '疯狂饼干城', 'fkbgc', '', '公斤', null, null, null, null, '0', '', '0', '', '0', '0', '0', '20', '20', '31.6', '28.44', '0', '0', '0', '1', '1', '1', '1', '1', '5.958', '0', '0', '2', '0', '0', null, null, null, '6', '120', '0', '0');
INSERT INTO `sc_item` VALUES ('63', '000031', '1', '百年树榴莲干', 'bnsllg', '', '公斤', null, null, null, null, '0', '', '0', '', '0', '0', '0', '273', '273', '358', '322.2', '0', '0', '0', '1', '1', '1', '1', '1', '1.3579999999999999', '0', '0', '2', '0', '0', null, null, null, '1.5', '409.5', '0', '0');
INSERT INTO `sc_item` VALUES ('64', '000033', '1', '好利达鳕鱼片', 'hld yp', '', '公斤', null, null, null, null, '0', '', '0', '', '0', '0', '0', '98', '98', '116', '104.4', '0', '0', '0', '1', '1', '1', '1', '1', '2.374', '0', '0', '2', '0', '0', null, null, null, '2.5', '245', '0', '0');
INSERT INTO `sc_item` VALUES ('65', '000034', '1', '汉胜堂虎皮凤爪', 'hsthpfz', '', '公斤', null, null, null, null, '0', '', '0', '', '0', '0', '0', '40', '40', '71.6', '64.44', '0', '0', '0', '1', '1', '1', '1', '1', '2.352', '0', '0', '2', '0', '0', null, null, null, '2.5', '100', '0', '0');
INSERT INTO `sc_item` VALUES ('66', '000035', '1', '骥洋盐焗鸡翅', ' yy?jc', '', '包', null, null, null, null, '0', '', '0', '', '0', '0', '0', '64', '64', '98', '88.2', '0', '0', '0', '1', '1', '1', '1', '1', '2.5', '0', '0', '2', '0', '0', null, null, null, '2.5', '160', '0', '0');
INSERT INTO `sc_item` VALUES ('67', '000036', '1', '久久丫鸭锁骨', 'jjyy g', '', '公斤', null, null, null, null, '0', '', '0', '', '0', '0', '0', '48', '48', '71.6', '64.44', '0', '0', '0', '1', '1', '1', '1', '1', '2.5', '0', '0', '2', '0', '0', null, null, null, '2.5', '120', '0', '0');
INSERT INTO `sc_item` VALUES ('68', '000037', '1', '炎亭渔夫鳕鱼饼', 'ytyf yb', '', '公斤', null, null, null, null, '0', '', '0', '', '0', '0', '0', '35', '35', '59.6', '53.64', '0', '0', '0', '1', '1', '1', '1', '1', '2.5', '0', '0', '2', '0', '0', null, null, null, '2.5', '87.5', '0', '0');
INSERT INTO `sc_item` VALUES ('69', '000038', '1', '有友泡椒凤爪', 'yypjfz', '', '公斤', null, null, null, null, '0', '', '0', '', '0', '0', '0', '44', '44', '65.6', '59.04', '0', '0', '0', '1', '1', '1', '1', '1', '2.052', '0', '0', '2', '0', '0', null, null, null, '2.5', '110', '0', '0');
INSERT INTO `sc_item` VALUES ('70', '000039', '1', '久久丫鸭脖', 'jjyyb', '', '公斤', null, null, null, null, '0', '', '0', '', '0', '0', '0', '44', '44', '71.6', '64.44', '0', '0', '0', '1', '1', '1', '1', '1', '7.354', '0', '0', '2', '0', '0', null, null, null, '7.5', '330', '0', '0');
INSERT INTO `sc_item` VALUES ('71', '000040', '1', '久久丫鸭舌', 'jjyys', '', '公斤', null, null, null, null, '0', '', '0', '', '0', '0', '0', '188', '188', '250', '225', '0', '0', '0', '1', '1', '1', '1', '1', '0.5940000000000002', '0', '0', '2', '0', '0', null, null, null, '2.5', '470', '0', '0');
INSERT INTO `sc_item` VALUES ('72', '000032', '1', '无锡酱排骨', 'wxjpg', '', '公斤', null, null, null, null, '0', '', '0', '', '0', '0', '0', '80', '80', '110', '99', '0', '0', '0', '1', '1', '1', '1', '1', '2.47', '0', '0', '2', '0', '0', null, null, null, '2.5', '200', '0', '0');
INSERT INTO `sc_item` VALUES ('73', '000045', '1', '骥洋虎皮凤爪', ' yhpfz', '', '公斤', null, null, null, null, '0', '', '0', '', '0', '0', '0', '40', '40', '71.6', '64.44', '0', '0', '0', '1', '1', '1', '1', '1', '2.31', '0', '0', '2', '0', '0', null, null, null, '2.5', '100', '0', '0');
INSERT INTO `sc_item` VALUES ('74', '000046', '1', '白马湖醉鱼干', 'bmhzyg', '', '公斤', null, null, null, null, '0', '', '0', '', '0', '0', '0', '60', '60', '98', '88.2', '0', '0', '0', '1', '1', '1', '1', '1', '2.5', '0', '0', '2', '0', '0', null, null, null, '2.5', '150', '0', '0');
INSERT INTO `sc_item` VALUES ('75', '000047', '1', '天一角鱿鱼仔', 'tyj yz', '', '公斤', null, null, null, null, '0', '', '0', '', '0', '0', '0', '60', '60', '98', '88.2', '0', '0', '0', '1', '1', '1', '1', '1', '2.2220000000000004', '0', '0', '2', '0', '0', null, null, null, '2.5', '150', '0', '0');
INSERT INTO `sc_item` VALUES ('76', '000048', '1', '十年有成骨肉相连', 'snycgrxl', '', '公斤', null, null, null, null, '0', '', '0', '', '0', '0', '0', '60', '60', '98', '88.2', '0', '0', '0', '1', '1', '1', '1', '1', '2.5', '0', '0', '2', '0', '0', null, null, null, '2.5', '150', '0', '0');
INSERT INTO `sc_item` VALUES ('77', '000049', '1', '卫龙小面筋', 'wlxmj', '', '公斤', null, null, null, null, '0', '', '0', '', '0', '0', '0', '16', '16', '31.6', '28.44', '0', '0', '0', '1', '1', '1', '1', '1', '2.0680000000000005', '0', '0', '2', '0', '0', null, null, null, '2.5', '40', '0', '0');
INSERT INTO `sc_item` VALUES ('78', '000050', '1', '零食在这儿', 'lszze', '', '公斤', null, null, null, null, '0', '', '0', '', '0', '0', '0', '20', '20', '31.6', '28.44', '0', '0', '0', '1', '1', '1', '1', '1', '6.8260000000000005', '0', '0', '2', '0', '0', null, null, null, '7.5', '150', '0', '0');
INSERT INTO `sc_item` VALUES ('79', '6935284413700', '1', '卫龙大辣棒', 'wldlb', '', '包', null, null, null, null, '0', '', '0', '', '0', '0', '0', '1.5', '1.5', '3', '2.7', '0', '0', '0', '1', '1', '0', '1', '1', '9', '0', '0', '2', '0', '0', null, null, null, '10', '15', '0', '0');
INSERT INTO `sc_item` VALUES ('80', '000041', '1', '卫龙亲嘴豆皮', 'wlqzdp', '', '公斤', null, null, null, null, '0', '', '0', '', '0', '0', '0', '36', '36', '51.6', '46.44', '0', '0', '0', '1', '1', '1', '1', '1', '2.6', '0', '0', '2', '0', '0', null, null, null, '2.6', '93.6', '0', '0');
INSERT INTO `sc_item` VALUES ('81', '6928822300600', '1', '麦小呆老北京海苔音乐卷', 'mxdlbjhtylj', '', '公斤', null, null, null, null, '0', '', '0', '', '0', '0', '0', '20', '20', '31.6', '28.44', '0', '0', '0', '1', '1', '1', '1', '1', '2.5', '0', '0', '2', '0', '0', null, null, null, '2.5', '50', '0', '0');
INSERT INTO `sc_item` VALUES ('82', '6952105750028', '1', '阿弟仔草莓干', 'adzc g', '', '包', null, null, null, null, '0', '', '0', '', '0', '0', '0', '70', '70', '98', '88.2', '0', '0', '0', '1', '1', '1', '1', '1', '2.5', '0', '0', '2', '0', '0', null, null, null, '2.5', '175', '0', '0');
INSERT INTO `sc_item` VALUES ('83', '000042', '1', '中宝泰芒', 'zbtm', '', '公斤', null, null, null, null, '0', '', '0', '', '0', '0', '0', '60', '60', '98', '88.2', '0', '0', '0', '1', '1', '1', '1', '1', '2.5', '0', '0', '2', '0', '0', null, null, null, '2.5', '150', '0', '0');
INSERT INTO `sc_item` VALUES ('84', '000043', '1', '小滋时光山楂卷', 'xzsgs j', '', '公斤', null, null, null, null, '0', '', '0', '', '0', '0', '0', '30', '30', '39.6', '35.64', '0', '0', '0', '1', '1', '1', '1', '1', '7.426', '0', '0', '2', '0', '0', null, null, null, '7.5', '225', '0', '0');
INSERT INTO `sc_item` VALUES ('85', '000051', '1', '毛雄辉辣条', 'mxhlt', '', '公斤', null, null, null, null, '0', '', '0', '', '0', '0', '0', '20.8', '20.8', '31.6', '28.44', '0', '0', '0', '1', '1', '1', '1', '1', '4.944', '0', '0', '2', '0', '0', null, null, null, '5', '104', '0', '0');
INSERT INTO `sc_item` VALUES ('86', '000052', '1', '宇仔素大刀肉', 'yzsddr', '', '公斤', null, null, null, null, '0', '', '0', '', '0', '0', '0', '20.8', '20.8', '31.6', '28.4', '0', '0', '0', '1', '1', '1', '1', '1', '2.5', '0', '0', '2', '0', '0', null, null, null, '2.5', '52', '0', '0');
INSERT INTO `sc_item` VALUES ('87', '000053', '1', '沈师傅鸡蛋干', 'ssfjdg', '', '公斤', null, null, null, null, '0', '', '0', '', '0', '0', '0', '34', '34', '51.6', '46.44', '0', '0', '0', '1', '1', '1', '1', '1', '2.15', '0', '0', '2', '0', '0', null, null, null, '2.5', '85', '0', '0');
INSERT INTO `sc_item` VALUES ('88', '000054', '1', '宏泰记系列', 'htjxl', '', '公斤', null, null, null, null, '0', '', '0', '', '0', '0', '0', '26', '26', '39.6', '35.64', '0', '0', '0', '1', '1', '1', '1', '1', '4.592', '0', '0', '2', '0', '0', null, null, null, '5', '130', '0', '0');
INSERT INTO `sc_item` VALUES ('89', '000055', '1', '葡萄王香蕉片', 'ptwxjp', '', '公斤', null, null, null, null, '0', '', '0', '', '0', '0', '0', '30', '30', '39.6', '35.64', '0', '0', '0', '1', '1', '1', '1', '1', '2.5', '0', '0', '2', '0', '0', null, null, null, '2.5', '75', '0', '0');
INSERT INTO `sc_item` VALUES ('90', '000056', '1', '溜溜梅', 'llm', '', '公斤', null, null, null, null, '0', '', '0', '', '0', '0', '0', '36', '36', '51.6', '46.44', '0', '0', '0', '1', '1', '1', '1', '1', '5', '0', '0', '2', '0', '0', null, null, null, '5', '180', '0', '0');
INSERT INTO `sc_item` VALUES ('91', '000057', '1', '骥洋五香/香辣鸭肫', ' ywx/xly ', '', '公斤', null, null, null, null, '0', '', '0', '', '0', '0', '0', '60', '60', '84', '75.6', '0', '0', '0', '1', '1', '1', '1', '1', '4.862', '0', '0', '2', '0', '0', null, null, null, '5', '300', '0', '0');
INSERT INTO `sc_item` VALUES ('92', '000058', '1', '百年树葡萄干', 'bnsptg', '', '公斤', null, null, null, null, '0', '', '0', '', '0', '0', '0', '26', '26', '39.6', '35.64', '0', '0', '0', '1', '1', '1', '1', '1', '2.5', '0', '0', '2', '0', '0', null, null, null, '2.5', '65', '0', '0');
INSERT INTO `sc_item` VALUES ('93', '000059', '1', '亲喔紫薯干', 'q zsg', '', '包', null, null, null, null, '0', '', '0', '', '0', '0', '0', '1.5', '1.5', '3', '2.7', '0', '0', '0', '1', '1', '0', '1', '1', '50', '0', '0', '2', '0', '0', null, null, null, '50', '75', '0', '0');
INSERT INTO `sc_item` VALUES ('94', '6971275440171', '1', '菡笑葵瓜籽', ' xkgz', '', '公斤', null, null, null, null, '0', '', '0', '', '0', '0', '0', '24', '24', '35.6', '32.04', '0', '0', '0', '1', '1', '1', '1', '1', '4', '0', '0', '2', '0', '0', null, ';6971275440164;', null, '4', '96', '0', '0');
INSERT INTO `sc_item` VALUES ('95', '000061', '1', '百年树黄秋葵', 'bnshqk', '', '包', null, null, null, null, '0', '', '0', '', '0', '0', '0', '150', '150', '210', '189', '0', '0', '0', '1', '1', '1', '1', '1', '1.46', '0', '0', '2', '0', '0', null, null, null, '1.5', '225', '0', '0');
INSERT INTO `sc_item` VALUES ('96', '000063', '1', '百年树香菇脆', 'bnsxgc', '', '公斤', null, null, null, null, '0', '', '0', '', '0', '0', '0', '116', '116', '150', '135', '0', '0', '0', '1', '1', '1', '1', '1', '1.846', '0', '0', '2', '0', '0', null, null, null, '2', '232', '0', '0');
INSERT INTO `sc_item` VALUES ('97', '000065', '1', '百年树菠萝蜜干', 'bnsblmg', '', '公斤', null, null, null, null, '0', '', '0', '', '0', '0', '0', '70', '70', '104', '93.6', '0', '0', '0', '1', '1', '1', '1', '1', '2', '0', '0', '2', '0', '0', null, null, null, '2', '140', '0', '0');
INSERT INTO `sc_item` VALUES ('98', '6924224000278', '1', '六六果坊巴西松子', 'llgfbxsz', '', '公斤', null, null, null, null, '0', '', '0', '', '0', '0', '0', '100', '100', '120', '108', '0', '0', '0', '1', '1', '1', '1', '1', '2.5', '0', '0', '2', '0', '0', null, null, null, '2.5', '250', '0', '0');
INSERT INTO `sc_item` VALUES ('99', '000064', '1', '百年树脆爽薯条', 'bnscsst', '', '公斤', null, null, null, null, '0', '', '0', '', '0', '0', '0', '47', '47', '71.6', '64.44', '0', '0', '0', '1', '1', '1', '1', '1', '2', '0', '0', '2', '0', '0', null, null, null, '2', '94', '0', '0');
INSERT INTO `sc_item` VALUES ('100', '000066', '1', '百年树综合果蔬干', 'bnszhgsg', '', '公斤', null, null, null, null, '0', '', '0', '', '0', '0', '0', '38', '38', '71.6', '64.44', '0', '0', '0', '1', '1', '1', '1', '1', '2.16', '0', '0', '2', '0', '0', null, null, null, '2.5', '95', '0', '0');
INSERT INTO `sc_item` VALUES ('101', '8854099006243', '1', '罗望子夹心香蕉脆片', 'lwzjxxjcp', '', '包', null, null, null, null, '0', '', '0', '', '0', '0', '0', '3', '3', '6', '5.4', '0', '0', '0', '1', '1', '0', '1', '1', '30', '0', '0', '2', '0', '0', null, null, null, '30', '90', '0', '0');
INSERT INTO `sc_item` VALUES ('102', '000067', '1', '滋尚鸡蛋干', 'zsjdg', '', '公斤', null, null, null, null, '0', '', '0', '', '0', '0', '0', '30', '30', '39.6', '35.64', '0', '0', '0', '1', '1', '1', '1', '1', '5', '0', '0', '2', '0', '0', null, null, null, '5', '150', '0', '0');
INSERT INTO `sc_item` VALUES ('103', '6954522410066', '1', '怡可诺橡皮糖', ' knxpt', '', '公斤', null, null, null, null, '0', '', '0', '', '0', '0', '0', '34', '34', '51.6', '46.44', '0', '0', '0', '1', '1', '1', '1', '1', '4.774', '0', '0', '2', '0', '0', null, ';6954522410028;', null, '5', '170', '0', '0');
INSERT INTO `sc_item` VALUES ('104', '000068', '1', '不二家棒棒糖', 'bejbbt', '', '公斤', null, null, null, null, '0', '', '0', '', '0', '0', '0', '60', '0', '84', '75.6', '0', '0', '0', '1', '1', '1', '1', '1', '0', '0', '0', '2', '0', '0', null, null, null, '0', '0', '0', '0');
INSERT INTO `sc_item` VALUES ('105', '000069', '1', '哈儿爽口片', 'heskp', '', '公斤', null, null, null, null, '0', '', '0', '', '0', '0', '0', '50', '50', '71.6', '64.44', '0', '0', '0', '1', '1', '1', '1', '1', '4.942', '0', '0', '2', '0', '0', null, null, null, '5', '250', '0', '0');
INSERT INTO `sc_item` VALUES ('106', '000070', '1', '脆升升薯条', 'cssst', '', '包', null, null, null, null, '0', '', '0', '', '0', '0', '0', '38', '38', '59.6', '53.64', '0', '0', '0', '1', '1', '1', '1', '1', '2.5', '0', '0', '2', '0', '0', null, null, null, '2.5', '95', '0', '0');
INSERT INTO `sc_item` VALUES ('107', '000071', '1', '三惠尖角脆', 'shjjc', '', '公斤', null, null, null, null, '0', '', '0', '', '0', '0', '0', '18', '18', '31.6', '28.44', '0', '0', '0', '1', '1', '1', '1', '1', '5.756', '0', '0', '2', '0', '0', null, null, null, '6', '108', '0', '0');
INSERT INTO `sc_item` VALUES ('108', '6957666000506', '1', '宏途山药片', 'htsyp', '', '包', null, null, null, null, '0', '', '0', '', '0', '0', '0', '4', '0', '7', '6.3', '0', '0', '0', '1', '1', '0', '1', '1', '-1', '0', '0', '2', '0', '0', null, null, null, '0', '0', '0', '0');
INSERT INTO `sc_item` VALUES ('109', '6970297020576', '1', '我的前任', 'wdqr', '', '包', null, null, null, null, '0', '', '0', '', '0', '0', '0', '10.8', '10.8', '16.8', '15.12', '0', '0', '0', '1', '1', '0', '1', '1', '4', '0', '0', '2', '0', '0', null, ';6970297020569;', null, '4', '43.2', '0', '0');
INSERT INTO `sc_item` VALUES ('110', '4710199037010', '1', '张君雅小妹妹', 'zjyxmm', '', '包', null, null, null, null, '0', '', '0', '', '0', '0', '0', '4.3', '4.3', '7.5', '6.75', '0', '0', '0', '1', '1', '0', '1', '1', '5', '0', '0', '2', '0', '0', null, ';4710199085509;', null, '5', '21.5', '0', '0');
INSERT INTO `sc_item` VALUES ('111', '6970383310406', '1', '虾闹', 'xn', '', '包', null, null, null, null, '0', '', '0', '', '0', '0', '0', '8', '8', '13.5', '12.15', '0', '0', '0', '1', '1', '0', '1', '1', '6', '0', '0', '2', '0', '0', null, ';6970383310420;', null, '6', '48', '0', '0');
INSERT INTO `sc_item` VALUES ('112', '8858702410823', '1', '小老板海苔', 'xlbht', '', '盒', null, null, null, null, '0', '', '0', '', '0', '0', '0', '9.8', '9.8', '15', '13.5', '0', '0', '0', '1', '1', '0', '1', '1', '9', '0', '0', '2', '0', '0', null, null, null, '12', '117.6', '0', '0');
INSERT INTO `sc_item` VALUES ('113', '000072', '1', '海玉石头饼', 'hystb', '', '公斤', null, null, null, null, '0', '', '0', '', '0', '0', '0', '22', '22', '35.6', '32.04', '0', '0', '0', '1', '1', '1', '1', '1', '3', '0', '0', '2', '0', '0', null, null, null, '3', '66', '0', '0');
INSERT INTO `sc_item` VALUES ('114', '000073', '1', '力诚小肉枣', 'lcxrz', '', '公斤', null, null, null, null, '0', '', '0', '', '0', '0', '0', '42', '42', '59.6', '53.64', '0', '0', '0', '1', '1', '1', '1', '1', '4.456', '0', '0', '2', '0', '0', null, null, null, '5', '210', '0', '0');
INSERT INTO `sc_item` VALUES ('115', '000074', '1', '力诚鳕鱼肠', 'lc yc', '', '公斤', null, null, null, null, '0', '', '0', '', '0', '0', '0', '50', '50', '71.6', '64.44', '0', '0', '0', '1', '1', '1', '1', '1', '2.306', '0', '0', '2', '0', '0', null, null, null, '2.5', '125', '0', '0');
INSERT INTO `sc_item` VALUES ('116', '000078', '1', '改价码', 'gjm', '', '个', null, null, null, null, '0', '', '0', '', '18050001', '0', '0', '0', '0', '1', '0.9', '0', '0', '0', '1', '1', '0', '1', '1', '0', '0', '0', '2', '0', '0', null, null, null, '0', '0', '0', '0');
INSERT INTO `sc_item` VALUES ('117', '000075', '1', '好利达鱿鱼条/丝', 'hld yt/s', '', '公斤', null, null, null, null, '0', '', '0', '', '0', '0', '0', '85', '85', '110', '99', '0', '0', '0', '1', '1', '1', '1', '1', '4.954', '0', '0', '2', '0', '0', null, null, null, '5', '425', '0', '0');
INSERT INTO `sc_item` VALUES ('118', '000076', '1', '三牛香蕉酥、牛奶圈', 'snxjs nnq', '', '公斤', null, null, null, null, '0', '', '0', '', '0', '0', '0', '15.6', '15.6', '31.6', '28.44', '0', '0', '0', '1', '1', '1', '1', '1', '7.7219999999999995', '0', '0', '2', '0', '0', null, null, null, '8', '124.8', '0', '0');
INSERT INTO `sc_item` VALUES ('119', '000077', '1', '望月话梅瓜子', 'wyhmgz', '', '公斤', null, null, null, null, '0', '', '0', '', '0', '0', '0', '27', '27', '51.6', '46.44', '0', '0', '0', '1', '1', '1', '1', '1', '5', '0', '0', '2', '0', '0', null, null, null, '5', '135', '0', '0');
INSERT INTO `sc_item` VALUES ('120', '000079', '1', '苏太太醉食尚花生', 'sttzsshs', '', '公斤', null, null, null, null, '0', '', '0', '', '0', '0', '0', '25', '25', '31.6', '28.44', '0', '0', '0', '1', '1', '1', '1', '1', '5', '0', '0', '2', '0', '0', null, null, null, '5', '125', '0', '0');
INSERT INTO `sc_item` VALUES ('121', '000080', '1', '黄金蛋酥', 'hjds', '', '公斤', null, null, null, null, '0', '', '0', '', '0', '0', '0', '56', '56', '71.6', '64.44', '0', '0', '0', '1', '1', '1', '1', '1', '3', '0', '0', '2', '0', '0', null, null, null, '3', '168', '0', '0');
INSERT INTO `sc_item` VALUES ('122', '6933096958617', '1', '酥香阁瓜子仁', 'sxggzr', '', '公斤', null, null, null, null, '0', '', '0', '', '0', '0', '0', '15.2', '15.2', '27.6', '24.84', '0', '0', '0', '1', '1', '1', '1', '1', '2.042', '0', '0', '2', '0', '0', null, null, null, '2.5', '38', '0', '0');
INSERT INTO `sc_item` VALUES ('123', '000083', '1', '张先生拉面丸子', 'zxslmwz', '', '公斤', null, null, null, null, '0', '', '0', '', '0', '0', '0', '21.6', '21.6', '39.6', '35.64', '0', '0', '0', '1', '1', '1', '1', '1', '8.878', '0', '0', '2', '0', '0', null, null, null, '9', '194.4', '0', '0');
INSERT INTO `sc_item` VALUES ('124', '6930334532127', '1', '苏太太蚕豆', 'sttcd', '', '公斤', null, null, null, null, '0', '', '0', '', '0', '0', '0', '21', '21', '31.6', '28.44', '0', '0', '0', '1', '1', '1', '1', '1', '5', '0', '0', '2', '0', '0', null, ';6930334532134;', null, '5', '105', '0', '0');
INSERT INTO `sc_item` VALUES ('125', '000084', '1', '小猪佩奇麻花', 'xzpqmh', '', '公斤', null, null, null, null, '0', '', '0', '', '0', '0', '0', '24', '24', '39.6', '35.64', '0', '0', '0', '1', '1', '1', '1', '1', '2.328', '0', '0', '2', '0', '0', null, null, null, '2.5', '60', '0', '0');
INSERT INTO `sc_item` VALUES ('126', '000085', '1', '卡宾熊煎饼', 'kbxjb', '', '公斤', null, null, null, null, '0', '', '0', '', '0', '0', '0', '30', '30', '51.6', '46.44', '0', '0', '0', '1', '1', '1', '1', '1', '1.764', '0', '0', '2', '0', '0', null, null, null, '2', '60', '0', '0');
INSERT INTO `sc_item` VALUES ('127', '000086', '1', '宜莲居椰丝球', 'yljysq', '', '公斤', null, null, null, null, '0', '', '0', '', '0', '0', '0', '32', '32', '51.6', '46.44', '0', '0', '0', '1', '1', '1', '1', '1', '3', '0', '0', '2', '0', '0', null, null, null, '3', '96', '0', '0');
INSERT INTO `sc_item` VALUES ('128', '000087', '1', '好好儿童肉松', 'hhetrs', '', '公斤', null, null, null, null, '0', '', '0', '', '0', '0', '0', '56', '56', '98', '88.2', '0', '0', '0', '1', '1', '1', '1', '1', '1.5', '0', '0', '2', '0', '0', null, null, null, '1.5', '84', '0', '0');
INSERT INTO `sc_item` VALUES ('129', '000088', '1', '陈吉小麻花', 'cjxmh', '', '公斤', null, null, null, null, '0', '', '0', '', '0', '0', '0', '22', '22', '31.6', '28.44', '0', '0', '0', '1', '1', '1', '1', '1', '10', '0', '0', '2', '0', '0', null, null, null, '10', '220', '0', '0');
INSERT INTO `sc_item` VALUES ('130', '6927508205536', '1', '特好吃香辣鸭翅', 'thcxlyc', '', '公斤', null, null, null, null, '0', '', '0', '', '0', '0', '0', '36', '0', '71.6', '64.44', '0', '0', '0', '1', '1', '1', '1', '1', '0', '0', '0', '2', '0', '0', null, null, null, '0', '0', '0', '0');
INSERT INTO `sc_item` VALUES ('131', '6927508205550', '1', '特好吃香辣小鸭腿', 'thcxlxyt', '', '公斤', null, null, null, null, '0', '', '0', '', '0', '0', '0', '36', '0', '71.6', '64.44', '0', '0', '0', '1', '1', '1', '1', '1', '0', '0', '0', '2', '0', '0', null, null, null, '0', '0', '-1', '0');
INSERT INTO `sc_item` VALUES ('132', '6927508205550', '1', '特好吃香辣小鸭腿', 'thcxlxyt', '', '公斤', null, null, null, null, '0', '', '0', '', '0', '0', '0', '36', '0', '71.6', '64.44', '0', '0', '0', '1', '1', '1', '1', '1', '0', '0', '0', '2', '0', '0', null, null, null, '0', '0', '0', '0');
INSERT INTO `sc_item` VALUES ('133', '000089', '1', '千业吐司面包', 'qytsmb', '', '公斤', null, null, null, null, '0', '', '0', '', '0', '0', '0', '32.5', '0', '47.6', '42.84', '0', '0', '0', '1', '1', '1', '1', '1', '-0.098', '0', '0', '2', '0', '0', null, null, null, '0', '0', '0', '0');
INSERT INTO `sc_item` VALUES ('134', '6944488568062', '1', '卡思达手感面包', 'ksdsgmb', '', '公斤', null, null, null, null, '0', '', '0', '', '0', '0', '0', '22', '0', '35.6', '32.04', '0', '0', '0', '1', '1', '1', '1', '1', '0', '0', '0', '2', '0', '0', null, null, null, '0', '0', '0', '0');
INSERT INTO `sc_item` VALUES ('135', '000090', '1', '格乐华夫', 'glhf', '', '公斤', null, null, null, null, '0', '', '0', '', '0', '0', '0', '0', '0', '51.6', '46.44', '0', '0', '0', '1', '1', '1', '1', '1', '0', '0', '0', '2', '0', '0', null, null, null, '0', '0', '0', '0');
INSERT INTO `sc_item` VALUES ('136', '000091', '1', '丹夫华夫饼', 'dfhfb', '', '公斤', null, null, null, null, '0', '', '0', '', '0', '0', '0', '0', '0', '51.6', '46.44', '0', '0', '0', '1', '1', '1', '1', '1', '0', '0', '0', '2', '0', '0', null, null, null, '0', '0', '0', '0');
INSERT INTO `sc_item` VALUES ('137', '000092', '1', '新麦潮天然酵母面包', 'xmctrjmmb', '', '公斤', null, null, null, null, '0', '', '0', '', '0', '0', '0', '0', '0', '39.6', '35.64', '0', '0', '0', '1', '1', '1', '1', '1', '-0.106', '0', '0', '2', '0', '0', null, null, null, '0', '0', '0', '0');
INSERT INTO `sc_item` VALUES ('138', '6954598800099', '1', '运气将军', 'yqjj', '', '公斤', null, null, null, null, '0', '', '0', '', '0', '0', '0', '0', '0', '47.6', '42.84', '0', '0', '0', '1', '1', '1', '1', '1', '-0.26', '0', '0', '2', '0', '0', null, null, null, '0', '0', '0', '0');
INSERT INTO `sc_item` VALUES ('139', '000093', '1', '黑糖玛奇朵', 'htmqd', '', '公斤', null, null, null, null, '0', '', '0', '', '0', '0', '0', '24', '0', '39.6', '35.64', '0', '0', '0', '1', '1', '1', '1', '1', '0', '0', '0', '2', '0', '0', null, null, null, '0', '0', '0', '0');
INSERT INTO `sc_item` VALUES ('140', '000094', '1', '宏香记', 'hxj', '', '公斤', null, null, null, null, '0', '', '0', '', '0', '0', '0', '64', '0', '98', '88.2', '0', '0', '0', '1', '1', '1', '1', '1', '-0.094', '0', '0', '2', '0', '0', null, null, null, '0', '0', '0', '0');
INSERT INTO `sc_item` VALUES ('141', '000095', '1', '牧童鸡爪', 'mtjz', '', '公斤', null, null, null, null, '0', '', '0', '', '0', '0', '0', '40', '0', '58', '52.2', '0', '0', '0', '1', '1', '1', '1', '1', '0', '0', '0', '2', '0', '0', null, null, null, '0', '0', '0', '0');
INSERT INTO `sc_item` VALUES ('142', '6921904200058', '1', '十年有成秘制鸭掌', 'snycmzyz', '', '公斤', null, null, null, null, '0', '', '0', '', '0', '0', '0', '60', '0', '90', '81', '0', '0', '0', '1', '1', '1', '1', '1', '0', '0', '0', '2', '0', '0', null, null, null, '0', '0', '0', '0');
INSERT INTO `sc_item` VALUES ('143', '6934692688151', '1', '福令郎劲道脆', 'flljdc', '', '公斤', null, null, null, null, '0', '', '0', '', '0', '0', '0', '16', '0', '31.6', '28.44', '0', '0', '0', '1', '1', '1', '1', '1', '0', '0', '0', '2', '0', '0', null, null, null, '0', '0', '0', '0');
INSERT INTO `sc_item` VALUES ('144', '000096', '1', '九州扬香菇豆干', 'jzyxgdg', '', '公斤', null, null, null, null, '0', '', '0', '', '0', '0', '0', '16', '16', '27.6', '24.84', '0', '0', '0', '1', '1', '1', '1', '1', '15', '0', '0', '2', '0', '0', null, null, null, '15', '240', '0', '0');
INSERT INTO `sc_item` VALUES ('145', '000097', '1', '米多奇', 'mdq', '', '公斤', null, null, null, null, '0', '', '0', '', '0', '0', '0', '17', '17', '31.6', '28.44', '0', '0', '0', '1', '1', '1', '1', '1', '30', '0', '0', '2', '0', '0', null, null, null, '30', '510', '0', '0');
INSERT INTO `sc_item` VALUES ('146', '000098', '1', '一品奶农', 'ypnn', '', '公斤', null, null, null, null, '0', '', '0', '', '0', '0', '0', '15.2', '15.2', '31.6', '28.44', '0', '0', '0', '1', '1', '1', '1', '1', '29.892', '0', '0', '2', '0', '0', null, null, null, '30', '456', '0', '0');
INSERT INTO `sc_item` VALUES ('147', '000099', '1', '世外桃源碧根果仁', 'swtybggr', '', '公斤', null, null, null, null, '0', '', '0', '', '0', '0', '0', '124', '124', '176', '158.4', '0', '0', '0', '1', '1', '1', '1', '1', '30', '0', '0', '2', '0', '0', null, null, null, '30', '3720', '0', '0');
INSERT INTO `sc_item` VALUES ('148', '000100', '1', '星球杯', 'xqb', '', '公斤', null, null, null, null, '0', '', '0', '', '0', '0', '0', '40', '40', '51.6', '46.44', '0', '0', '0', '1', '1', '1', '1', '1', '29.535999999999998', '0', '0', '2', '0', '0', null, null, null, '30', '1200', '0', '0');
INSERT INTO `sc_item` VALUES ('149', '6937800608102', '1', '夏小样', 'xxy', '', '公斤', null, null, null, null, '0', '', '0', '', '0', '0', '0', '40', '40', '59.6', '53.64', '0', '0', '0', '1', '1', '1', '1', '1', '29.794', '0', '0', '2', '0', '0', null, ';6937800608119;', null, '30', '1200', '0', '0');
INSERT INTO `sc_item` VALUES ('150', '000101', '1', '米嘴薄脆', 'mzbc', '', '默认单位', null, null, null, null, '0', '', '0', '', '0', '0', '0', '10.4', '10.4', '21.6', '19.44', '0', '0', '0', '1', '1', '1', '1', '1', '29.404', '0', '0', '2', '0', '0', null, null, null, '30', '312', '0', '0');
INSERT INTO `sc_item` VALUES ('151', '000102', '1', '唇动', 'cd', '', '公斤', null, null, null, null, '0', '', '0', '', '0', '0', '0', '0', '0', '47.6', '42.84', '0', '0', '0', '1', '1', '1', '1', '1', '30', '0', '0', '2', '0', '0', null, null, null, '30', '0', '0', '0');
INSERT INTO `sc_item` VALUES ('152', '6923482400295', '1', '脆脆同', 'cct', '', '公斤', null, null, null, null, '0', '', '0', '', '0', '0', '0', '0', '0', '31.6', '28.44', '0', '0', '0', '1', '1', '1', '1', '1', '29.46', '0', '0', '2', '0', '0', null, null, null, '30', '0', '0', '0');
INSERT INTO `sc_item` VALUES ('153', '000103', '1', '珍芙咸面包', 'z xmb', '', '公斤', null, null, null, null, '0', '', '0', '', '0', '0', '0', '0', '0', '39.6', '35.64', '0', '0', '0', '1', '1', '1', '1', '1', '49.96', '0', '0', '2', '0', '0', null, null, null, '50', '0', '0', '0');
INSERT INTO `sc_item` VALUES ('154', '000104', '1', '迷你蛋糕', 'mndg', '', '公斤', null, null, null, null, '0', '', '0', '', '0', '0', '0', '0', '0', '39.6', '35.64', '0', '0', '0', '1', '1', '1', '1', '1', '49.774', '0', '0', '2', '0', '0', null, null, null, '50', '0', '0', '0');
INSERT INTO `sc_item` VALUES ('155', '6970242761165', '1', '伯利尔', 'ble', '', '公斤', null, null, null, null, '0', '', '0', '', '0', '0', '0', '0', '0', '39.6', '35.64', '0', '0', '0', '1', '1', '1', '1', '1', '49.928', '0', '0', '2', '0', '0', null, null, null, '50', '0', '0', '0');
INSERT INTO `sc_item` VALUES ('156', '000105', '1', '小猪佩奇桃酥', 'xzpqts', '', '公斤', null, null, null, null, '0', '', '0', '', '0', '0', '0', '0', '0', '39.6', '35.64', '0', '0', '0', '1', '1', '1', '1', '1', '49.84', '0', '0', '2', '0', '0', null, null, null, '50', '0', '0', '0');
INSERT INTO `sc_item` VALUES ('157', '000106', '1', '小猪佩奇牛奶曲奇', 'xzpqnnqq', '', '公斤', null, null, null, null, '0', '', '0', '', '0', '0', '0', '0', '0', '39.6', '35.64', '0', '0', '0', '1', '1', '1', '1', '1', '49.946', '0', '0', '2', '0', '0', null, null, null, '50', '0', '0', '0');
INSERT INTO `sc_item` VALUES ('158', '000107', '1', '牛奶溶酪', 'nnrl', '', '公斤', null, null, null, null, '0', '', '0', '', '0', '0', '0', '0', '0', '51.6', '46.44', '0', '0', '0', '1', '1', '1', '1', '1', '49.886', '0', '0', '2', '0', '0', null, null, null, '50', '0', '0', '0');
INSERT INTO `sc_item` VALUES ('159', '000108', '1', '理本', 'lb', '', '包', null, null, null, null, '0', '', '0', '', '0', '0', '0', '0', '0', '16.8', '15.12', '0', '0', '0', '1', '1', '0', '1', '1', '50', '0', '0', '2', '0', '0', null, null, null, '50', '0', '0', '0');
INSERT INTO `sc_item` VALUES ('160', '000109', '1', '肉松小贝', 'rsxb', '', '公斤', null, null, null, null, '0', '', '0', '', '0', '0', '0', '0', '0', '51.6', '46.44', '0', '0', '0', '1', '1', '1', '1', '1', '50', '0', '0', '2', '0', '0', null, null, null, '50', '0', '0', '0');
INSERT INTO `sc_item` VALUES ('161', '4710199086704', '1', '张君雅捏碎面', 'zjynsm', '', '包', null, null, null, null, '0', '', '0', '', '0', '0', '0', '0', '0', '3.5', '3.15', '0', '0', '0', '1', '1', '0', '1', '1', '32', '0', '0', '2', '0', '0', null, null, null, '40', '0', '0', '0');
INSERT INTO `sc_item` VALUES ('162', '000110', '1', '宁夏枸杞', 'nx  ', '', '公斤', null, null, null, null, '0', '', '0', '', '0', '0', '0', '0', '0', '104', '93.6', '0', '0', '0', '1', '1', '1', '1', '1', '50', '0', '0', '2', '0', '0', null, null, null, '50', '0', '0', '0');
INSERT INTO `sc_item` VALUES ('163', '000111', '1', '米酥酥', 'mss', '', '公斤', null, null, null, null, '0', '', '0', '', '0', '0', '0', '0', '0', '31.6', '28.44', '0', '0', '0', '1', '1', '1', '1', '1', '50', '0', '0', '2', '0', '0', null, null, null, '50', '0', '0', '0');
INSERT INTO `sc_item` VALUES ('164', '000112', '1', '菇小脆', 'gxc', '', '包', null, null, null, null, '0', '', '0', '', '0', '0', '0', '0', '0', '1', '0.9', '0', '0', '0', '1', '1', '0', '1', '1', '300', '0', '0', '2', '0', '0', null, null, null, '300', '0', '0', '0');
INSERT INTO `sc_item` VALUES ('165', '000113', '1', '世纪糖朝', 'sjtc', '', '个', null, null, null, null, '0', '', '0', '', '0', '0', '0', '0', '0', '3', '2.7', '0', '0', '0', '1', '1', '0', '1', '1', '300', '0', '0', '2', '0', '0', null, null, null, '300', '0', '0', '0');
INSERT INTO `sc_item` VALUES ('166', '6970341190439', '1', '今统时光', 'jtsg', '', '个', null, null, null, null, '0', '', '0', '', '0', '0', '0', '0', '0', '6.8', '6.12', '0', '0', '0', '1', '1', '0', '1', '1', '30', '0', '0', '2', '0', '0', null, null, null, '30', '0', '0', '0');
INSERT INTO `sc_item` VALUES ('167', '000114', '1', '真谷粒', 'zgl', '', '公斤', null, null, null, null, '0', '', '0', '', '0', '0', '0', '0', '0', '39.6', '35.64', '0', '0', '0', '1', '1', '1', '1', '1', '-0.016', '0', '0', '2', '0', '0', null, null, null, '0', '0', '0', '0');
INSERT INTO `sc_item` VALUES ('168', '000115', '1', '减肥咖啡', 'jfkf', '', '包', null, null, null, null, '0', '', '0', '', '0', '0', '0', '0', '0', '2', '1.8', '0', '0', '0', '1', '1', '0', '1', '1', '0', '0', '0', '2', '0', '0', null, null, null, '0', '0', '0', '0');
INSERT INTO `sc_item` VALUES ('169', '000116', '1', '咪咪', '  ', '', '包', null, null, null, null, '0', '', '0', '', '0', '0', '0', '0', '0', '0.5', '0.45', '0', '0', '0', '1', '1', '0', '1', '1', '50', '0', '0', '2', '0', '0', null, null, null, '50', '0', '0', '0');

-- ----------------------------
-- Table structure for sc_item_brand
-- ----------------------------
DROP TABLE IF EXISTS `sc_item_brand`;
CREATE TABLE `sc_item_brand` (
  `id` int(11) NOT NULL,
  `name` varchar(255) DEFAULT NULL,
  `state` int(11) DEFAULT NULL,
  `cloudState` int(11) DEFAULT NULL,
  PRIMARY KEY (`id`)
) ENGINE=InnoDB DEFAULT CHARSET=utf8 ROW_FORMAT=COMPACT;

-- ----------------------------
-- Records of sc_item_brand
-- ----------------------------

-- ----------------------------
-- Table structure for sc_item_class
-- ----------------------------
DROP TABLE IF EXISTS `sc_item_class`;
CREATE TABLE `sc_item_class` (
  `no` varchar(255) NOT NULL COMMENT '自己编号',
  `parent_no` varchar(255) DEFAULT '1' COMMENT '父类编号',
  `name` varchar(255) DEFAULT NULL COMMENT '姓名',
  `discount` double DEFAULT NULL COMMENT '折扣',
  `pointEveryMoney` double DEFAULT '0' COMMENT '每元积分数',
  `state` int(11) DEFAULT '0' COMMENT '状态',
  `cloudState` double DEFAULT '0' COMMENT '云标志',
  PRIMARY KEY (`no`)
) ENGINE=InnoDB DEFAULT CHARSET=utf8 ROW_FORMAT=COMPACT;

-- ----------------------------
-- Records of sc_item_class
-- ----------------------------
INSERT INTO `sc_item_class` VALUES ('18050001', '1', '零食', '100', '1', '0', '0');

-- ----------------------------
-- Table structure for sc_item_inventory
-- ----------------------------
DROP TABLE IF EXISTS `sc_item_inventory`;
CREATE TABLE `sc_item_inventory` (
  `id` int(11) NOT NULL AUTO_INCREMENT,
  `no` varchar(255) DEFAULT NULL COMMENT '单号',
  `ioDateTime` datetime DEFAULT NULL COMMENT '进出库时间',
  `ioFlag` int(11) DEFAULT '1' COMMENT '进出标识',
  `type` int(11) DEFAULT NULL COMMENT '类型',
  `item_id` int(11) DEFAULT NULL COMMENT '商品id',
  `barcode` varchar(255) DEFAULT NULL COMMENT '条码',
  `name` varchar(255) DEFAULT NULL COMMENT '名称',
  `spec` varchar(255) DEFAULT NULL COMMENT '规格',
  `unit` varchar(255) DEFAULT NULL COMMENT '单位',
  `class_no` varchar(255) DEFAULT NULL COMMENT '分类',
  `quantity` double DEFAULT NULL COMMENT '数量',
  `price` double DEFAULT NULL COMMENT '价格',
  `total` double DEFAULT NULL COMMENT '小计',
  `remark` varchar(255) DEFAULT NULL COMMENT '备注',
  `cloudState` int(11) DEFAULT NULL COMMENT '云标识',
  PRIMARY KEY (`id`)
) ENGINE=InnoDB AUTO_INCREMENT=387 DEFAULT CHARSET=utf8 ROW_FORMAT=COMPACT;

-- ----------------------------
-- Records of sc_item_inventory
-- ----------------------------
INSERT INTO `sc_item_inventory` VALUES ('1', 'LS180523010001', '2018-05-23 15:19:01', '-1', '10', '1', '1', '12', '', '默认单位', '18050001', '0.858', '12', '10.3', '', '0');
INSERT INTO `sc_item_inventory` VALUES ('2', 'LS180523010002', '2018-05-23 15:19:09', '-1', '10', '1', '1', '12', '', '默认单位', '18050001', '0.866', '12', '10.39', '', '0');
INSERT INTO `sc_item_inventory` VALUES ('3', 'LS180524010001', '2018-05-24 16:54:02', '-1', '10', '1', '1', '12', '', '默认单位', '18050001', '0.942', '12', '11.3', '', '0');
INSERT INTO `sc_item_inventory` VALUES ('4', 'LS180524010002', '2018-05-24 16:57:33', '-1', '10', '2', '2', '开心果', '', '默认单位', '18050001', '0.944', '72', '67.97', '', '0');
INSERT INTO `sc_item_inventory` VALUES ('5', 'LS180524010003', '2018-05-24 18:37:56', '-1', '10', '1', '1', '养乐多', '', '默认单位', '18050001', '2', '11', '22', '', '0');
INSERT INTO `sc_item_inventory` VALUES ('6', 'LS180524010004', '2018-05-24 18:38:14', '-1', '10', '1', '1', '养乐多', '', '默认单位', '18050001', '1', '11', '11', '', '0');
INSERT INTO `sc_item_inventory` VALUES ('7', 'LS180524010005', '2018-05-24 18:38:37', '-1', '10', '1', '1', '养乐多', '', '默认单位', '18050001', '1', '11', '11', '', '0');
INSERT INTO `sc_item_inventory` VALUES ('8', 'LS180524010006', '2018-05-24 18:39:08', '-1', '10', '2', '2', '开心果', '', '默认单位', '18050001', '0.088', '72', '6.34', '', '0');
INSERT INTO `sc_item_inventory` VALUES ('9', 'LS180524010007', '2018-05-24 18:39:34', '-1', '10', '2', '2', '开心果', '', '默认单位', '18050001', '0.088', '72', '6.34', '', '0');
INSERT INTO `sc_item_inventory` VALUES ('10', 'LS180524010008', '2018-05-24 18:39:50', '-1', '10', '2', '2', '开心果', '', '默认单位', '18050001', '0.088', '72', '6.34', '', '0');
INSERT INTO `sc_item_inventory` VALUES ('11', 'LS180524010009', '2018-05-24 18:40:59', '-1', '10', '2', '2', '开心果', '', '默认单位', '18050001', '0.088', '72', '6.34', '', '0');
INSERT INTO `sc_item_inventory` VALUES ('12', 'LS180524010010', '2018-05-24 18:41:23', '-1', '10', '2', '2', '开心果', '', '默认单位', '18050001', '0.088', '72', '6.34', '', '0');
INSERT INTO `sc_item_inventory` VALUES ('13', 'LS180524010011', '2018-05-24 18:42:11', '-1', '10', '2', '2', '开心果', '', '默认单位', '18050001', '0.258', '72', '18.58', '', '0');
INSERT INTO `sc_item_inventory` VALUES ('14', 'LS180524010012', '2018-05-24 18:42:46', '-1', '10', '2', '2', '开心果', '', '默认单位', '18050001', '0.258', '72', '18.58', '', '0');
INSERT INTO `sc_item_inventory` VALUES ('15', 'LS180524010013', '2018-05-24 18:43:02', '-1', '10', '2', '2', '开心果', '', '默认单位', '18050001', '0.258', '72', '18.58', '', '0');
INSERT INTO `sc_item_inventory` VALUES ('16', 'LS180524010014', '2018-05-24 18:43:34', '-1', '10', '2', '2', '开心果', '', '默认单位', '18050001', '0.258', '72', '18.58', '', '0');
INSERT INTO `sc_item_inventory` VALUES ('17', 'LS180526010001', '2018-05-26 02:20:50', '-1', '10', '2', '2', '开心果', '', '默认单位', '18050001', '0.024', '72', '1.73', '', '0');
INSERT INTO `sc_item_inventory` VALUES ('18', 'LS180526010002', '2018-05-26 02:21:21', '-1', '10', '1', '1', '养乐多', '', '默认单位', '18050001', '1', '11', '11', '', '0');
INSERT INTO `sc_item_inventory` VALUES ('19', 'LS180526010003', '2018-05-26 02:21:46', '-1', '10', '1', '1', '养乐多', '', '默认单位', '18050001', '1', '11', '11', '', '0');
INSERT INTO `sc_item_inventory` VALUES ('20', '', '2018-05-26 16:17:32', '1', '1', '3', '6935958001011', '钻石糖', '', '个', '0', '30', '0.8', '24', '', '0');
INSERT INTO `sc_item_inventory` VALUES ('21', '', '2018-05-26 16:18:44', '1', '1', '4', '6939501802483', '口红糖', '', '个', '0', '18', '2.5', '45', '', '0');
INSERT INTO `sc_item_inventory` VALUES ('22', '', '2018-05-26 16:23:31', '1', '1', '5', '6908312001880', '欣欣杯', '', '个', '0', '24', '2.5', '60', '', '0');
INSERT INTO `sc_item_inventory` VALUES ('23', '', '2018-05-26 16:26:32', '1', '1', '6', '80974482', '建达曲奇蛋', '', '个', '0', '96', '6.25', '600', '', '0');
INSERT INTO `sc_item_inventory` VALUES ('24', '', '2018-05-26 16:29:08', '1', '1', '7', '6902083914370', '娃哈哈钙多多', '', '个', '0', '48', '3.5', '168', '', '0');
INSERT INTO `sc_item_inventory` VALUES ('25', '', '2018-05-26 16:36:13', '1', '1', '8', '6958303802132', '周小贱系列', '', '盒', '0', '15', '5.5', '82.5', '', '0');
INSERT INTO `sc_item_inventory` VALUES ('26', '', '2018-05-26 16:39:26', '1', '1', '10', '6971117600015', '氺恋湾', '', '瓶', '0', '15', '6.5', '97.5', '', '0');
INSERT INTO `sc_item_inventory` VALUES ('27', '', '2018-05-26 16:41:38', '1', '1', '11', '6971019512027', '益河源优体', '', '瓶', '0', '45', '2.5', '112.5', '', '0');
INSERT INTO `sc_item_inventory` VALUES ('28', '', '2018-05-26 16:43:11', '1', '1', '12', '6924546000550', '小猪佩奇蔬菜饼', '', '盒', '0', '6', '6.5', '39', '', '0');
INSERT INTO `sc_item_inventory` VALUES ('29', '', '2018-05-26 16:44:37', '1', '1', '13', '6921892302512', '奥林达台湾烧仙草', '', '盒', '0', '12', '9', '108', '', '0');
INSERT INTO `sc_item_inventory` VALUES ('30', '', '2018-05-26 16:45:40', '1', '1', '14', '6971497650013', '潘多乐芝麻夹心海苔', '', '盒', '0', '10', '15', '150', '', '0');
INSERT INTO `sc_item_inventory` VALUES ('31', '', '2018-05-26 16:46:31', '1', '1', '15', '6970741980708', '水军糯米锅巴', '', '包', '0', '10', '10.8', '108', '', '0');
INSERT INTO `sc_item_inventory` VALUES ('32', '', '2018-05-26 16:47:59', '1', '1', '16', '8809420330696', 'zek蜂蜜柚子茶', '', '瓶', '0', '6', '33', '198', '', '0');
INSERT INTO `sc_item_inventory` VALUES ('33', '', '2018-05-26 16:49:56', '1', '1', '17', '697055951999', '鑫宇石季黄桃罐头', '', '瓶', '0', '12', '5', '60', '', '0');
INSERT INTO `sc_item_inventory` VALUES ('34', '', '2018-05-26 16:51:23', '1', '1', '18', '6927583705693', '小猪佩奇哨子', '', '个', '0', '5', '5', '25', '', '0');
INSERT INTO `sc_item_inventory` VALUES ('35', '', '2018-05-26 16:53:03', '1', '1', '19', '6971604850053', '小猪佩奇手表', '', '个', '0', '12', '6.5', '78', '', '0');
INSERT INTO `sc_item_inventory` VALUES ('36', '', '2018-05-26 16:54:31', '1', '1', '20', '4897075980216', '小猪佩奇水杯', '', '默认单位', '0', '10', '12', '120', '', '0');
INSERT INTO `sc_item_inventory` VALUES ('37', '', '2018-05-26 16:55:25', '1', '1', '21', '8801073110502', '三养火鸡面', '', '包', '0', '40', '4.4', '176', '', '0');
INSERT INTO `sc_item_inventory` VALUES ('38', '', '2018-05-26 16:57:59', '1', '1', '22', '6970253800839', '孖趣柠檬茶', '', '包', '0', '20', '1.6', '32', '', '0');
INSERT INTO `sc_item_inventory` VALUES ('39', '', '2018-05-26 17:00:08', '1', '1', '23', '00001', '小牛酸奶', '', '公斤', '0', '15', '10', '150', '', '0');
INSERT INTO `sc_item_inventory` VALUES ('40', '', '2018-05-26 17:01:10', '1', '1', '24', '00002', '悠酷乳酸菌酸奶', '', '公斤', '0', '5', '10', '50', '', '0');
INSERT INTO `sc_item_inventory` VALUES ('41', '', '2018-05-26 17:02:19', '1', '1', '25', '00003', '果不离生榨椰子冻', '', '公斤', '0', '5', '19', '95', '', '0');
INSERT INTO `sc_item_inventory` VALUES ('42', '', '2018-05-26 17:03:49', '1', '1', '26', '6971342410151', '妙芙炒酸奶', '', '公斤', '0', '15', '16', '240', '', '0');
INSERT INTO `sc_item_inventory` VALUES ('43', '', '2018-05-26 17:08:54', '1', '1', '28', '00004', '小白冻核桃冻/酸豆奶冻', '', '公斤', '0', '5', '16', '80', '', '0');
INSERT INTO `sc_item_inventory` VALUES ('44', '', '2018-05-26 17:09:51', '1', '1', '29', '00005', '华美世家果冻', '', '公斤', '0', '15', '10', '150', '', '0');
INSERT INTO `sc_item_inventory` VALUES ('45', '', '2018-05-26 17:12:32', '1', '1', '30', '00006', '喜之郎系列', '', '公斤', '0', '10', '20', '200', '', '0');
INSERT INTO `sc_item_inventory` VALUES ('46', '', '2018-05-26 17:15:39', '1', '1', '31', '6922046901537', '果汁肉饮料', '', '个', '0', '16', '1.35', '21.6', '', '0');
INSERT INTO `sc_item_inventory` VALUES ('47', '', '2018-05-26 17:19:25', '1', '1', '32', '00007', '金大洲金针菇', '', '公斤', '0', '2.5', '38', '95', '', '0');
INSERT INTO `sc_item_inventory` VALUES ('48', '', '2018-05-26 17:22:06', '1', '1', '33', '00008', '仟香百辣脆藕片', '', '公斤', '0', '2.5', '30', '75', '', '0');
INSERT INTO `sc_item_inventory` VALUES ('49', '', '2018-05-26 17:27:14', '1', '1', '34', '00009', '炎亭渔夫鱼豆腐', '', '公斤', '0', '5', '34', '170', '', '0');
INSERT INTO `sc_item_inventory` VALUES ('50', '', '2018-05-26 17:30:11', '1', '1', '35', '000010', '江东村萝卜皮', '', '默认单位', '0', '2.5', '22', '55', '', '0');
INSERT INTO `sc_item_inventory` VALUES ('51', '', '2018-05-26 17:34:03', '1', '1', '36', '000011', '微家烤素肉', '', '公斤', '0', '2.5', '30', '75', '', '0');
INSERT INTO `sc_item_inventory` VALUES ('52', '', '2018-05-26 17:36:09', '1', '1', '37', '000012', '骥洋卤香鹌鹑蛋', '', '公斤', '0', '2.5', '32', '80', '', '0');
INSERT INTO `sc_item_inventory` VALUES ('53', '', '2018-05-26 17:37:32', '1', '1', '38', '000013', '康元饼干', '', '公斤', '0', '10', '20', '200', '', '0');
INSERT INTO `sc_item_inventory` VALUES ('54', 'LS180526010004', '2018-05-26 17:42:08', '-1', '10', '35', '000010', '江东村萝卜皮', '', '默认单位', '0', '0.43', '31.6', '13.59', '', '0');
INSERT INTO `sc_item_inventory` VALUES ('55', 'LS180526010004', '2018-05-26 17:42:08', '-1', '10', '38', '000013', '康元饼干', '', '公斤', '0', '0.58', '31.6', '18.33', '', '0');
INSERT INTO `sc_item_inventory` VALUES ('56', 'LS180526010004', '2018-05-26 17:42:08', '-1', '10', '33', '00008', '仟香百辣脆藕片', '', '公斤', '0', '0.062', '39.6', '2.46', '', '0');
INSERT INTO `sc_item_inventory` VALUES ('57', '', '2018-05-26 17:48:43', '1', '1', '39', '000014', '卫龙亲嘴烧', '', '公斤', '0', '2.5', '20', '50', '', '0');
INSERT INTO `sc_item_inventory` VALUES ('58', 'LS180526010005', '2018-05-26 17:53:19', '-1', '10', '39', '000014', '卫龙亲嘴烧', '', '公斤', '0', '0.212', '28.44', '6.03', '', '0');
INSERT INTO `sc_item_inventory` VALUES ('59', 'LS180526010005', '2018-05-26 17:53:19', '-1', '10', '38', '000013', '康元饼干', '', '公斤', '0', '0.252', '28.44', '7.17', '', '0');
INSERT INTO `sc_item_inventory` VALUES ('60', 'LS180526010005', '2018-05-26 17:53:19', '-1', '10', '39', '000014', '卫龙亲嘴烧', '', '公斤', '0', '0.05', '28.44', '1.42', '', '0');
INSERT INTO `sc_item_inventory` VALUES ('61', 'LS180526010005', '2018-05-26 17:53:19', '-1', '10', '33', '00008', '仟香百辣脆藕片', '', '公斤', '0', '0.1', '35.64', '3.56', '', '0');
INSERT INTO `sc_item_inventory` VALUES ('62', 'LS180526010005', '2018-05-26 17:53:19', '-1', '10', '33', '00008', '仟香百辣脆藕片', '', '公斤', '0', '0.026', '35.64', '0.93', '', '0');
INSERT INTO `sc_item_inventory` VALUES ('63', 'LS180526010005', '2018-05-26 17:53:19', '-1', '10', '39', '000014', '卫龙亲嘴烧', '', '公斤', '0', '0.016', '28.44', '0.46', '', '0');
INSERT INTO `sc_item_inventory` VALUES ('64', 'LS180526010005', '2018-05-26 17:53:19', '-1', '10', '33', '00008', '仟香百辣脆藕片', '', '公斤', '0', '0.254', '35.64', '9.05', '', '0');
INSERT INTO `sc_item_inventory` VALUES ('65', 'LS180526010005', '2018-05-26 17:53:19', '-1', '10', '3', '6935958001011', '钻石糖', '', '个', '0', '16', '1.35', '21.6', '', '0');
INSERT INTO `sc_item_inventory` VALUES ('66', '', '2018-05-26 17:54:51', '1', '1', '40', '6901496995068', '麦丽素', '', '公斤', '0', '24', '0.7', '16.8', '', '0');
INSERT INTO `sc_item_inventory` VALUES ('67', '', '2018-05-26 17:57:08', '1', '1', '41', '000015', '微家铺子茶干', '', '公斤', '0', '2.5', '22', '55', '', '0');
INSERT INTO `sc_item_inventory` VALUES ('68', '', '2018-05-26 17:58:33', '1', '1', '42', '000016', '小黄鱼', '', '公斤', '0', '2.5', '60', '150', '', '0');
INSERT INTO `sc_item_inventory` VALUES ('69', '', '2018-05-26 17:59:47', '1', '1', '43', '000017', '莎布雷武士曲奇', '', '公斤', '0', '5', '46', '230', '', '0');
INSERT INTO `sc_item_inventory` VALUES ('70', '', '2018-05-26 18:00:38', '1', '1', '44', '000018', '魏文清豆腐', '', '公斤', '0', '5', '20', '100', '', '0');
INSERT INTO `sc_item_inventory` VALUES ('71', '', '2018-05-26 18:01:31', '1', '1', '45', '000019', '仟香百辣田螺肉', '', '公斤', '0', '2.5', '60', '150', '', '0');
INSERT INTO `sc_item_inventory` VALUES ('72', '', '2018-05-26 18:02:55', '1', '1', '46', '6940897400016', '钦海然鸭蛋', '', '个', '0', '40', '1.2', '48', '', '0');
INSERT INTO `sc_item_inventory` VALUES ('73', 'LS180526010006', '2018-05-26 18:07:31', '-1', '10', '43', '000017', '莎布雷武士曲奇', '', '公斤', '0', '0.12', '57.6', '6.91', '', '0');
INSERT INTO `sc_item_inventory` VALUES ('74', 'LS180526010006', '2018-05-26 18:07:31', '-1', '10', '43', '000017', '莎布雷武士曲奇', '', '公斤', '0', '0.102', '57.6', '5.88', '', '0');
INSERT INTO `sc_item_inventory` VALUES ('75', 'LS180526010006', '2018-05-26 18:07:31', '-1', '10', '33', '00008', '仟香百辣脆藕片', '', '公斤', '0', '0.096', '35.64', '3.42', '', '0');
INSERT INTO `sc_item_inventory` VALUES ('76', 'LS180526010006', '2018-05-26 18:07:31', '-1', '10', '23', '00001', '小牛酸奶', '', '公斤', '0', '0.098', '19.44', '1.91', '', '0');
INSERT INTO `sc_item_inventory` VALUES ('77', 'LS180526010006', '2018-05-26 18:07:31', '-1', '10', '28', '00004', '小白冻核桃冻/酸豆奶冻', '', '公斤', '0', '0.092', '28.44', '2.62', '', '0');
INSERT INTO `sc_item_inventory` VALUES ('78', 'LS180526010006', '2018-05-26 18:07:31', '-1', '10', '33', '00008', '仟香百辣脆藕片', '', '公斤', '0', '0.026', '35.64', '0.93', '', '0');
INSERT INTO `sc_item_inventory` VALUES ('79', 'LS180526010006', '2018-05-26 18:07:31', '-1', '10', '3', '6935958001011', '钻石糖', '', '个', '0', '2', '1.35', '2.7', '', '0');
INSERT INTO `sc_item_inventory` VALUES ('80', 'LS180526010006', '2018-05-26 18:07:31', '-1', '10', '41', '000015', '微家铺子茶干', '', '公斤', '0', '0.08', '35.64', '2.85', '', '0');
INSERT INTO `sc_item_inventory` VALUES ('81', 'LS180526010006', '2018-05-26 18:07:31', '-1', '10', '33', '00008', '仟香百辣脆藕片', '', '公斤', '0', '0.056', '35.64', '2', '', '0');
INSERT INTO `sc_item_inventory` VALUES ('82', 'LS180526010006', '2018-05-26 18:07:31', '-1', '10', '33', '00008', '仟香百辣脆藕片', '', '公斤', '0', '0.042', '35.64', '1.5', '', '0');
INSERT INTO `sc_item_inventory` VALUES ('83', 'LS180526010007', '2018-05-26 18:10:04', '-1', '10', '43', '000017', '莎布雷武士曲奇', '', '公斤', '0', '0.05', '57.6', '2.88', '', '0');
INSERT INTO `sc_item_inventory` VALUES ('84', 'LS180526010007', '2018-05-26 18:10:04', '-1', '10', '23', '00001', '小牛酸奶', '', '公斤', '0', '0.204', '19.44', '3.97', '', '0');
INSERT INTO `sc_item_inventory` VALUES ('85', 'LS180526010007', '2018-05-26 18:10:04', '-1', '10', '40', '6901496995068', '麦丽素', '', '公斤', '0', '2', '1.35', '2.7', '', '0');
INSERT INTO `sc_item_inventory` VALUES ('86', 'LS180526010007', '2018-05-26 18:10:04', '-1', '10', '26', '6971342410151', '妙芙炒酸奶', '', '公斤', '0', '0.126', '28.44', '3.58', '', '0');
INSERT INTO `sc_item_inventory` VALUES ('87', 'LS180526010007', '2018-05-26 18:10:04', '-1', '10', '28', '00004', '小白冻核桃冻/酸豆奶冻', '', '公斤', '0', '0.092', '28.44', '2.62', '', '0');
INSERT INTO `sc_item_inventory` VALUES ('88', 'LS180526010007', '2018-05-26 18:10:04', '-1', '10', '3', '6935958001011', '钻石糖', '', '个', '0', '2', '1.35', '2.7', '', '0');
INSERT INTO `sc_item_inventory` VALUES ('89', 'LS180526010007', '2018-05-26 18:10:04', '-1', '10', '33', '00008', '仟香百辣脆藕片', '', '公斤', '0', '0.032', '35.64', '1.14', '', '0');
INSERT INTO `sc_item_inventory` VALUES ('90', '', '2018-05-26 18:15:01', '1', '1', '47', '000020', '爽露爽米酿', '', '公斤', '0', '25', '20', '500', '', '0');
INSERT INTO `sc_item_inventory` VALUES ('91', '', '2018-05-26 18:47:52', '1', '1', '48', '000021', '烤芙条', '', '个', '0', '200', '1.8', '360', '', '0');
INSERT INTO `sc_item_inventory` VALUES ('92', '', '2018-05-26 18:49:28', '1', '1', '49', '000022', '芭米牛轧奶芙', '', '公斤', '0', '5', '32', '160', '', '0');
INSERT INTO `sc_item_inventory` VALUES ('93', '', '2018-05-26 18:50:29', '1', '1', '50', '000023', '芭米牛扎饼', '', '公斤', '0', '7.5', '32', '240', '', '0');
INSERT INTO `sc_item_inventory` VALUES ('94', '', '2018-05-26 18:51:18', '1', '1', '51', '000024', '法丽滋曲奇', '', '公斤', '0', '7.5', '32', '240', '', '0');
INSERT INTO `sc_item_inventory` VALUES ('95', '', '2018-05-26 18:52:28', '1', '1', '52', '8993175537445', '丽芝士纳宝帝奶酪味饼干', '', '包', '0', '60', '1.6', '96', '', '0');
INSERT INTO `sc_item_inventory` VALUES ('96', '', '2018-05-26 18:53:34', '1', '1', '53', '6949187398828', '手工原味蛋糕', '', '公斤', '0', '6', '26', '156', '', '0');
INSERT INTO `sc_item_inventory` VALUES ('97', '', '2018-05-26 18:54:53', '1', '1', '54', '000025', '小白心里软', '', '公斤', '0', '2', '32', '64', '', '0');
INSERT INTO `sc_item_inventory` VALUES ('98', '', '2018-05-26 18:56:18', '1', '1', '55', '6959479300316', '沃隆每日坚果', '', '包', '0', '60', '3', '180', '', '0');
INSERT INTO `sc_item_inventory` VALUES ('99', '', '2018-05-26 18:57:29', '1', '1', '56', '000026', '水军蟹香/海鲜锅巴', '', '默认单位', '0', '6', '40', '240', '', '0');
INSERT INTO `sc_item_inventory` VALUES ('100', '', '2018-05-26 18:58:36', '1', '1', '57', '000027', '董小姐系列', '', '公斤', '0', '7.5', '32', '240', '', '0');
INSERT INTO `sc_item_inventory` VALUES ('101', '', '2018-05-26 18:59:39', '1', '1', '58', '000028', '麦初心语蛋糕', '', '公斤', '0', '4', '26', '104', '', '0');
INSERT INTO `sc_item_inventory` VALUES ('102', '', '2018-05-26 19:00:42', '1', '1', '59', '6947366907533', '舒润达奶茶', '', '包', '0', '300', '1.5', '450', '', '0');
INSERT INTO `sc_item_inventory` VALUES ('103', '', '2018-05-26 19:02:59', '1', '1', '60', '6950254900394', '夏果蜂蜜柠檬', '', '包', '0', '100', '1.5', '150', '', '0');
INSERT INTO `sc_item_inventory` VALUES ('104', '', '2018-05-26 19:03:47', '1', '1', '61', '000029', '嘉友大奶牛', '', '公斤', '0', '6', '30', '180', '', '0');
INSERT INTO `sc_item_inventory` VALUES ('105', '', '2018-05-26 19:04:43', '1', '1', '62', '000030', '疯狂饼干城', '', '公斤', '0', '6', '20', '120', '', '0');
INSERT INTO `sc_item_inventory` VALUES ('106', 'LS180526010008', '2018-05-26 19:08:52', '-1', '10', '52', '8993175537445', '丽芝士纳宝帝奶酪味饼干', '', '包', '0', '1', '2.7', '2.7', '', '0');
INSERT INTO `sc_item_inventory` VALUES ('107', 'LS180526010008', '2018-05-26 19:08:52', '-1', '10', '23', '00001', '小牛酸奶', '', '公斤', '0', '0.308', '19.44', '5.99', '', '0');
INSERT INTO `sc_item_inventory` VALUES ('108', 'LS180526010008', '2018-05-26 19:08:52', '-1', '10', '61', '000029', '嘉友大奶牛', '', '公斤', '0', '0.08', '35.64', '2.85', '', '0');
INSERT INTO `sc_item_inventory` VALUES ('109', 'LS180526010008', '2018-05-26 19:08:52', '-1', '10', '55', '6959479300316', '沃隆每日坚果', '', '包', '0', '2', '4.05', '8.1', '', '0');
INSERT INTO `sc_item_inventory` VALUES ('110', 'LS180526010008', '2018-05-26 19:08:52', '-1', '10', '56', '000026', '水军蟹香/海鲜锅巴', '', '默认单位', '0', '0.104', '52.2', '5.43', '', '0');
INSERT INTO `sc_item_inventory` VALUES ('111', 'LS180526010008', '2018-05-26 19:08:52', '-1', '10', '54', '000025', '小白心里软', '', '公斤', '0', '0.176', '42.84', '7.54', '', '0');
INSERT INTO `sc_item_inventory` VALUES ('112', 'LS180526010008', '2018-05-26 19:08:52', '-1', '10', '60', '6950254900394', '夏果蜂蜜柠檬', '', '包', '0', '3', '2.25', '6.75', '', '0');
INSERT INTO `sc_item_inventory` VALUES ('113', 'LS180526010008', '2018-05-26 19:08:52', '-1', '10', '50', '000023', '芭米牛扎饼', '', '公斤', '0', '0.066', '42.84', '2.83', '', '0');
INSERT INTO `sc_item_inventory` VALUES ('114', 'LS180526010008', '2018-05-26 19:08:52', '-1', '10', '49', '000022', '芭米牛轧奶芙', '', '公斤', '0', '0.078', '42.84', '3.34', '', '0');
INSERT INTO `sc_item_inventory` VALUES ('115', 'LS180526010008', '2018-05-26 19:08:52', '-1', '10', '59', '6947366907533', '舒润达奶茶', '', '包', '0', '4', '2.7', '10.8', '', '0');
INSERT INTO `sc_item_inventory` VALUES ('116', 'LS180526010008', '2018-05-26 19:08:52', '-1', '10', '43', '000017', '莎布雷武士曲奇', '', '公斤', '0', '0.138', '57.6', '7.95', '', '0');
INSERT INTO `sc_item_inventory` VALUES ('117', 'LS180526010008', '2018-05-26 19:08:52', '-1', '10', '51', '000024', '法丽滋曲奇', '', '公斤', '0', '0.078', '42.84', '3.34', '', '0');
INSERT INTO `sc_item_inventory` VALUES ('118', 'LS180526010008', '2018-05-26 19:08:52', '-1', '10', '53', '6949187398828', '手工原味蛋糕', '', '公斤', '0', '0.128', '35.64', '4.56', '', '0');
INSERT INTO `sc_item_inventory` VALUES ('119', 'LS180526010008', '2018-05-26 19:08:52', '-1', '10', '57', '000027', '董小姐系列', '', '公斤', '0', '0.028', '42.84', '1.2', '', '0');
INSERT INTO `sc_item_inventory` VALUES ('120', 'LS180526010008', '2018-05-26 19:08:52', '-1', '10', '58', '000028', '麦初心语蛋糕', '', '公斤', '0', '0.03', '35.64', '1.07', '', '0');
INSERT INTO `sc_item_inventory` VALUES ('121', 'LS180526010008', '2018-05-26 19:08:52', '-1', '10', '62', '000030', '疯狂饼干城', '', '公斤', '0', '0.042', '28.44', '1.19', '', '0');
INSERT INTO `sc_item_inventory` VALUES ('122', '', '2018-05-26 19:12:44', '1', '1', '63', '000031', '百年树榴莲干', '', '公斤', '0', '1.5', '273', '409.5', '', '0');
INSERT INTO `sc_item_inventory` VALUES ('123', '', '2018-05-26 19:13:53', '1', '1', '64', '000033', '好利达鳕鱼片', '', '公斤', '0', '2.5', '98', '245', '', '0');
INSERT INTO `sc_item_inventory` VALUES ('124', '', '2018-05-26 19:15:01', '1', '1', '65', '000034', '汉胜堂虎皮凤爪', '', '公斤', '0', '2.5', '40', '100', '', '0');
INSERT INTO `sc_item_inventory` VALUES ('125', 'LS180526010009', '2018-05-26 19:18:10', '-1', '10', '63', '000031', '百年树榴莲干', '', '公斤', '0', '0.096', '322.2', '30.93', '', '0');
INSERT INTO `sc_item_inventory` VALUES ('126', 'LS180526010009', '2018-05-26 19:18:10', '-1', '10', '65', '000034', '汉胜堂虎皮凤爪', '', '公斤', '0', '0.1', '64.44', '6.44', '', '0');
INSERT INTO `sc_item_inventory` VALUES ('127', 'LS180526010009', '2018-05-26 19:18:10', '-1', '10', '55', '6959479300316', '沃隆每日坚果', '', '包', '0', '1', '4.05', '4.05', '', '0');
INSERT INTO `sc_item_inventory` VALUES ('128', 'LS180526010009', '2018-05-26 19:18:10', '-1', '10', '42', '000016', '小黄鱼', '', '公斤', '0', '0.058', '88.2', '5.12', '', '0');
INSERT INTO `sc_item_inventory` VALUES ('129', 'LS180526010009', '2018-05-26 19:18:10', '-1', '10', '64', '000033', '好利达鳕鱼片', '', '公斤', '0', '0.04', '104.4', '4.18', '', '0');
INSERT INTO `sc_item_inventory` VALUES ('130', 'LS180526010009', '2018-05-26 19:18:10', '-1', '10', '56', '000026', '水军蟹香/海鲜锅巴', '', '默认单位', '0', '0.122', '52.2', '6.37', '', '0');
INSERT INTO `sc_item_inventory` VALUES ('131', 'LS180526010009', '2018-05-26 19:18:10', '-1', '10', '42', '000016', '小黄鱼', '', '公斤', '0', '0.072', '88.2', '6.35', '', '0');
INSERT INTO `sc_item_inventory` VALUES ('132', 'LS180526010010', '2018-05-26 19:19:31', '-1', '10', '16', '8809420330696', 'zek蜂蜜柚子茶', '', '瓶', '0', '1', '49', '49', '', '0');
INSERT INTO `sc_item_inventory` VALUES ('133', 'LS180526010011', '2018-05-26 19:24:18', '-1', '10', '65', '000034', '汉胜堂虎皮凤爪', '', '公斤', '0', '0.048', '64.44', '3.09', '', '0');
INSERT INTO `sc_item_inventory` VALUES ('134', '', '2018-05-26 19:25:50', '1', '1', '66', '000035', '骥洋盐焗鸡翅', '', '包', '0', '2.5', '64', '160', '', '0');
INSERT INTO `sc_item_inventory` VALUES ('135', '', '2018-05-26 19:26:47', '1', '1', '67', '000036', '久久丫鸭锁骨', '', '公斤', '0', '2.5', '48', '120', '', '0');
INSERT INTO `sc_item_inventory` VALUES ('136', '', '2018-05-26 19:28:06', '1', '1', '68', '000037', '炎亭渔夫鳕鱼饼', '', '公斤', '0', '2.5', '35', '87.5', '', '0');
INSERT INTO `sc_item_inventory` VALUES ('137', '', '2018-05-26 19:29:26', '1', '1', '69', '000038', '有友泡椒凤爪', '', '公斤', '0', '2.5', '44', '110', '', '0');
INSERT INTO `sc_item_inventory` VALUES ('138', '', '2018-05-26 19:30:41', '1', '1', '70', '000039', '久久丫鸭脖', '', '公斤', '0', '7.5', '44', '330', '', '0');
INSERT INTO `sc_item_inventory` VALUES ('139', '', '2018-05-26 19:32:19', '1', '1', '71', '000040', '久久丫鸭舌', '', '公斤', '0', '2.5', '188', '470', '', '0');
INSERT INTO `sc_item_inventory` VALUES ('140', '', '2018-05-26 19:34:00', '1', '1', '72', '000032', '无锡酱排骨', '', '公斤', '0', '2.5', '80', '200', '', '0');
INSERT INTO `sc_item_inventory` VALUES ('141', '', '2018-05-26 19:37:34', '1', '1', '73', '000045', '骥洋虎皮凤爪', '', '公斤', '0', '2.5', '40', '100', '', '0');
INSERT INTO `sc_item_inventory` VALUES ('142', '', '2018-05-26 19:38:31', '1', '1', '74', '000046', '白马湖醉鱼干', '', '公斤', '0', '2.5', '60', '150', '', '0');
INSERT INTO `sc_item_inventory` VALUES ('143', '', '2018-05-26 19:39:30', '1', '1', '75', '000047', '天一角鱿鱼仔', '', '公斤', '0', '2.5', '60', '150', '', '0');
INSERT INTO `sc_item_inventory` VALUES ('144', '', '2018-05-26 19:40:31', '1', '1', '76', '000048', '十年有成骨肉相连', '', '公斤', '0', '2.5', '60', '150', '', '0');
INSERT INTO `sc_item_inventory` VALUES ('145', '', '2018-05-26 19:42:46', '1', '1', '77', '000049', '卫龙小面筋', '', '公斤', '0', '2.5', '16', '40', '', '0');
INSERT INTO `sc_item_inventory` VALUES ('146', '', '2018-05-26 19:43:49', '1', '1', '78', '000050', '零食在这儿', '', '公斤', '0', '7.5', '20', '150', '', '0');
INSERT INTO `sc_item_inventory` VALUES ('147', '', '2018-05-26 19:44:59', '1', '1', '79', '6935284413700', '卫龙大辣棒', '', '包', '0', '10', '1.5', '15', '', '0');
INSERT INTO `sc_item_inventory` VALUES ('148', '', '2018-05-26 19:45:48', '1', '1', '80', '000041', '卫龙亲嘴豆皮', '', '公斤', '0', '2.6', '36', '93.6', '', '0');
INSERT INTO `sc_item_inventory` VALUES ('149', '', '2018-05-26 19:47:21', '1', '1', '81', '6928822300600', '麦小呆老北京海苔音乐卷', '', '公斤', '0', '2.5', '20', '50', '', '0');
INSERT INTO `sc_item_inventory` VALUES ('150', '', '2018-05-26 19:50:26', '1', '1', '82', '6952105750028', '阿弟仔草莓干', '', '包', '0', '2.5', '70', '175', '', '0');
INSERT INTO `sc_item_inventory` VALUES ('151', '', '2018-05-26 19:53:18', '1', '1', '83', '000042', '中宝泰芒', '', '公斤', '0', '2.5', '60', '150', '', '0');
INSERT INTO `sc_item_inventory` VALUES ('152', '', '2018-05-26 19:54:46', '1', '1', '84', '000043', '小滋时光山楂卷', '', '公斤', '0', '7.5', '30', '225', '', '0');
INSERT INTO `sc_item_inventory` VALUES ('153', '', '2018-05-26 19:57:20', '1', '1', '85', '000051', '毛雄辉辣条', '', '公斤', '0', '5', '20.8', '104', '', '0');
INSERT INTO `sc_item_inventory` VALUES ('154', '', '2018-05-26 19:58:36', '1', '1', '86', '000052', '宇仔大刀肉', '', '公斤', '0', '2.5', '20.8', '52', '', '0');
INSERT INTO `sc_item_inventory` VALUES ('155', '', '2018-05-26 19:59:39', '1', '1', '87', '000053', '沈师傅鸡蛋干', '', '公斤', '0', '2.5', '34', '85', '', '0');
INSERT INTO `sc_item_inventory` VALUES ('156', '', '2018-05-26 20:01:06', '1', '1', '88', '000054', '宏泰记系列', '', '公斤', '0', '5', '26', '130', '', '0');
INSERT INTO `sc_item_inventory` VALUES ('157', '', '2018-05-26 20:02:21', '1', '1', '89', '000055', '葡萄王香蕉片', '', '公斤', '0', '2.5', '30', '75', '', '0');
INSERT INTO `sc_item_inventory` VALUES ('158', '', '2018-05-26 20:03:20', '1', '1', '90', '000056', '溜溜梅', '', '公斤', '0', '5', '36', '180', '', '0');
INSERT INTO `sc_item_inventory` VALUES ('159', '', '2018-05-26 20:04:34', '1', '1', '91', '000057', '骥洋鸭肫', '', '公斤', '0', '5', '60', '300', '', '0');
INSERT INTO `sc_item_inventory` VALUES ('160', '', '2018-05-26 20:05:26', '1', '1', '92', '000058', '百年树葡萄干', '', '公斤', '0', '2.5', '26', '65', '', '0');
INSERT INTO `sc_item_inventory` VALUES ('161', '', '2018-05-26 20:07:45', '1', '1', '93', '000059', '亲喔紫薯干', '', '包', '0', '50', '1.5', '75', '', '0');
INSERT INTO `sc_item_inventory` VALUES ('162', '', '2018-05-26 20:09:17', '1', '1', '94', '000060', '菡笑葵花籽', '', '公斤', '0', '4', '24', '96', '', '0');
INSERT INTO `sc_item_inventory` VALUES ('163', '', '2018-05-26 20:10:43', '1', '1', '95', '000061', '百年树黄秋葵', '', '包', '0', '1.5', '150', '225', '', '0');
INSERT INTO `sc_item_inventory` VALUES ('164', '', '2018-05-26 20:13:41', '1', '1', '96', '000063', '百年树香菇脆', '', '公斤', '0', '2', '116', '232', '', '0');
INSERT INTO `sc_item_inventory` VALUES ('165', '', '2018-05-26 20:15:23', '1', '1', '97', '000065', '百年树菠萝蜜干', '', '公斤', '0', '2', '70', '140', '', '0');
INSERT INTO `sc_item_inventory` VALUES ('166', 'LS180526010012', '2018-05-26 20:18:13', '-1', '10', '17', '697055951999', '鑫宇石季黄桃罐头', '', '瓶', '0', '1', '7.65', '7.65', '', '0');
INSERT INTO `sc_item_inventory` VALUES ('167', 'LS180526010012', '2018-05-26 20:18:13', '-1', '10', '34', '00009', '炎亭渔夫鱼豆腐', '', '公斤', '0', '0.186', '46.44', '8.64', '', '0');
INSERT INTO `sc_item_inventory` VALUES ('168', '', '2018-05-26 20:20:38', '1', '1', '98', '6924224000278', '六六果坊巴西松子', '', '公斤', '0', '2.5', '100', '250', '', '0');
INSERT INTO `sc_item_inventory` VALUES ('169', '', '2018-05-26 20:21:56', '1', '1', '99', '000064', '百年树脆爽薯条', '', '公斤', '0', '2', '47', '94', '', '0');
INSERT INTO `sc_item_inventory` VALUES ('170', '', '2018-05-26 20:24:53', '1', '1', '100', '000066', '百年树综合果蔬干', '', '公斤', '0', '2.5', '38', '95', '', '0');
INSERT INTO `sc_item_inventory` VALUES ('171', '', '2018-05-26 20:25:42', '1', '1', '101', '8854099006243', '罗望子夹心香蕉脆片', '', '公斤', '0', '30', '3', '90', '', '0');
INSERT INTO `sc_item_inventory` VALUES ('172', 'LS180526010013', '2018-05-26 20:29:39', '-1', '10', '18', '6927583705693', '小猪佩奇哨子', '', '个', '0', '1', '13.8', '13.8', '', '0');
INSERT INTO `sc_item_inventory` VALUES ('173', 'LS180526010014', '2018-05-26 20:31:00', '-1', '10', '19', '6971604850053', '小猪佩奇手表', '', '个', '0', '1', '15', '15', '', '0');
INSERT INTO `sc_item_inventory` VALUES ('174', 'LS180526010015', '2018-05-26 20:35:37', '-1', '10', '39', '000014', '卫龙亲嘴烧', '', '公斤', '0', '0.164', '31.6', '5.18', '', '0');
INSERT INTO `sc_item_inventory` VALUES ('175', 'LS180526010015', '2018-05-26 20:35:37', '-1', '10', '63', '000031', '百年树榴莲干', '', '公斤', '0', '0.046', '358', '16.47', '', '0');
INSERT INTO `sc_item_inventory` VALUES ('176', 'LS180526010016', '2018-05-26 20:36:53', '-1', '10', '39', '000014', '卫龙亲嘴烧', '', '公斤', '0', '0.052', '28.44', '1.48', '', '0');
INSERT INTO `sc_item_inventory` VALUES ('177', 'LS180526010016', '2018-05-26 20:36:53', '-1', '10', '15', '6970741980708', '水军糯米锅巴', '', '包', '0', '1', '13.5', '13.5', '', '0');
INSERT INTO `sc_item_inventory` VALUES ('178', 'LS180526010016', '2018-05-26 20:36:53', '-1', '10', '7', '6902083914370', '娃哈哈钙多多', '', '个', '0', '1', '5', '5', '', '0');
INSERT INTO `sc_item_inventory` VALUES ('179', 'LS180526010016', '2018-05-26 20:36:53', '-1', '10', '85', '000051', '毛雄辉辣条', '', '公斤', '0', '0.056', '28.44', '1.59', '', '0');
INSERT INTO `sc_item_inventory` VALUES ('180', 'LS180526010016', '2018-05-26 20:36:53', '-1', '10', '88', '000054', '宏泰记系列', '', '公斤', '0', '0.096', '35.64', '3.42', '', '0');
INSERT INTO `sc_item_inventory` VALUES ('181', 'LS180526010017', '2018-05-26 20:40:56', '-1', '10', '79', '6935284413700', '卫龙大辣棒', '', '包', '0', '1', '3', '3', '', '0');
INSERT INTO `sc_item_inventory` VALUES ('182', 'LS180526010017', '2018-05-26 20:40:56', '-1', '10', '95', '000061', '百年树黄秋葵', '', '包', '0', '0.04', '210', '8.4', '', '0');
INSERT INTO `sc_item_inventory` VALUES ('183', 'LS180526010017', '2018-05-26 20:40:56', '-1', '10', '28', '00004', '小白冻核桃冻/酸豆奶冻', '', '公斤', '0', '0.17', '31.6', '5.37', '', '0');
INSERT INTO `sc_item_inventory` VALUES ('184', 'LS180526010017', '2018-05-26 20:40:56', '-1', '10', '23', '00001', '小牛酸奶', '', '公斤', '0', '0.208', '21.6', '4.49', '', '0');
INSERT INTO `sc_item_inventory` VALUES ('185', 'LS180526010017', '2018-05-26 20:40:56', '-1', '10', '75', '000047', '天一角鱿鱼仔', '', '公斤', '0', '0.094', '98', '9.21', '', '0');
INSERT INTO `sc_item_inventory` VALUES ('186', 'LS180526010017', '2018-05-26 20:40:56', '-1', '10', '25', '00003', '果不离生榨椰子冻', '', '公斤', '0', '0.102', '31.6', '3.22', '', '0');
INSERT INTO `sc_item_inventory` VALUES ('187', 'LS180526010017', '2018-05-26 20:40:56', '-1', '10', '77', '000049', '卫龙小面筋', '', '公斤', '0', '0.134', '31.6', '4.23', '', '0');
INSERT INTO `sc_item_inventory` VALUES ('188', 'LS180526010017', '2018-05-26 20:40:56', '-1', '10', '39', '000014', '卫龙亲嘴烧', '', '公斤', '0', '0.102', '31.6', '3.22', '', '0');
INSERT INTO `sc_item_inventory` VALUES ('189', 'LS180526010017', '2018-05-26 20:40:56', '-1', '10', '75', '000047', '天一角鱿鱼仔', '', '公斤', '0', '0.032', '98', '3.14', '', '0');
INSERT INTO `sc_item_inventory` VALUES ('190', 'LS180526010017', '2018-05-26 20:40:56', '-1', '10', '34', '00009', '炎亭渔夫鱼豆腐', '', '公斤', '0', '0.042', '51.6', '2.17', '', '0');
INSERT INTO `sc_item_inventory` VALUES ('191', 'LS180526010017', '2018-05-26 20:40:56', '-1', '10', '36', '000011', '微家烤素肉', '', '公斤', '0', '0.058', '39.6', '2.3', '', '0');
INSERT INTO `sc_item_inventory` VALUES ('192', 'LS180526010017', '2018-05-26 20:40:56', '-1', '10', '44', '000018', '魏文清豆腐', '', '公斤', '0', '0.1', '31.6', '3.16', '', '0');
INSERT INTO `sc_item_inventory` VALUES ('193', 'LS180526010018', '2018-05-26 20:43:36', '-1', '10', '10', '6971117600015', '氺恋湾', '', '瓶', '0', '1', '10', '10', '', '0');
INSERT INTO `sc_item_inventory` VALUES ('194', 'LS180526010018', '2018-05-26 20:43:36', '-1', '10', '64', '000033', '好利达鳕鱼片', '', '公斤', '0', '0.086', '104.4', '8.98', '', '0');
INSERT INTO `sc_item_inventory` VALUES ('195', 'LS180526010018', '2018-05-26 20:43:36', '-1', '10', '72', '000032', '无锡酱排骨', '', '公斤', '0', '0.03', '99', '2.97', '', '0');
INSERT INTO `sc_item_inventory` VALUES ('196', 'LS180526010019', '2018-05-26 20:49:37', '-1', '10', '7', '6902083914370', '娃哈哈钙多多', '', '个', '0', '4', '5', '20', '', '0');
INSERT INTO `sc_item_inventory` VALUES ('197', 'LS180526010019', '2018-05-26 20:49:37', '-1', '10', '77', '000049', '卫龙小面筋', '', '公斤', '0', '0.098', '28.44', '2.79', '', '0');
INSERT INTO `sc_item_inventory` VALUES ('198', 'LS180526010019', '2018-05-26 20:49:37', '-1', '10', '61', '000029', '嘉友大奶牛', '', '公斤', '0', '0.084', '35.64', '2.99', '', '0');
INSERT INTO `sc_item_inventory` VALUES ('199', 'LS180526010019', '2018-05-26 20:49:37', '-1', '10', '87', '000053', '沈师傅鸡蛋干', '', '公斤', '0', '0.144', '46.44', '6.69', '', '0');
INSERT INTO `sc_item_inventory` VALUES ('200', 'LS180526010019', '2018-05-26 20:49:37', '-1', '10', '39', '000014', '卫龙亲嘴烧', '', '公斤', '0', '0.064', '28.44', '1.82', '', '0');
INSERT INTO `sc_item_inventory` VALUES ('201', 'LS180526010019', '2018-05-26 20:49:37', '-1', '10', '34', '00009', '炎亭渔夫鱼豆腐', '', '公斤', '0', '0.216', '46.44', '10.03', '', '0');
INSERT INTO `sc_item_inventory` VALUES ('202', 'LS180526010019', '2018-05-26 20:49:37', '-1', '10', '75', '000047', '天一角鱿鱼仔', '', '公斤', '0', '0.022', '88.2', '1.94', '', '0');
INSERT INTO `sc_item_inventory` VALUES ('203', '', '2018-05-26 21:07:31', '1', '1', '102', '000067', '滋尚鸡蛋干', '', '公斤', '0', '5', '30', '150', '', '0');
INSERT INTO `sc_item_inventory` VALUES ('204', '', '2018-05-26 21:08:30', '1', '1', '103', '000068', '怡可诺橡皮糖', '', '公斤', '0', '5', '34', '170', '', '0');
INSERT INTO `sc_item_inventory` VALUES ('205', 'LS180526010020', '2018-05-26 21:13:49', '-1', '10', '73', '000045', '骥洋虎皮凤爪', '', '公斤', '0', '0.19', '64.44', '12.24', '', '0');
INSERT INTO `sc_item_inventory` VALUES ('206', 'LS180526010020', '2018-05-26 21:13:49', '-1', '10', '35', '000010', '江东村萝卜皮', '', '默认单位', '0', '0.076', '28.44', '2.16', '', '0');
INSERT INTO `sc_item_inventory` VALUES ('207', 'LS180526010020', '2018-05-26 21:13:49', '-1', '10', '32', '00007', '金大洲金针菇', '', '公斤', '0', '0.1', '46.44', '4.64', '', '0');
INSERT INTO `sc_item_inventory` VALUES ('208', 'LS180526010020', '2018-05-26 21:13:49', '-1', '10', '75', '000047', '天一角鱿鱼仔', '', '公斤', '0', '0.13', '88.2', '11.47', '', '0');
INSERT INTO `sc_item_inventory` VALUES ('209', 'LS180526010020', '2018-05-26 21:13:49', '-1', '10', '33', '00008', '仟香百辣脆藕片', '', '公斤', '0', '0.206', '35.64', '7.34', '', '0');
INSERT INTO `sc_item_inventory` VALUES ('210', 'LS180526010020', '2018-05-26 21:13:49', '-1', '10', '70', '000039', '久久丫鸭脖', '', '公斤', '0', '0.146', '64.44', '9.41', '', '0');
INSERT INTO `sc_item_inventory` VALUES ('211', 'LS180526010020', '2018-05-26 21:13:49', '-1', '10', '10', '6971117600015', '氺恋湾', '', '瓶', '0', '1', '10', '10', '', '0');
INSERT INTO `sc_item_inventory` VALUES ('212', '', '2018-05-26 21:16:10', '1', '1', '105', '000069', '哈儿爽口片', '', '公斤', '0', '5', '50', '250', '', '0');
INSERT INTO `sc_item_inventory` VALUES ('213', '', '2018-05-26 21:25:59', '1', '1', '106', '000070', '脆升升薯条', '', '包', '0', '2.5', '38', '95', '', '0');
INSERT INTO `sc_item_inventory` VALUES ('214', '', '2018-05-26 21:27:41', '1', '1', '107', '000071', '三惠尖角脆', '', '公斤', '0', '6', '18', '108', '', '0');
INSERT INTO `sc_item_inventory` VALUES ('215', '', '2018-05-26 21:29:44', '1', '1', '109', '6970297020576', '我的前任', '', '包', '0', '4', '10.8', '43.2', '', '0');
INSERT INTO `sc_item_inventory` VALUES ('216', '', '2018-05-26 21:31:19', '1', '1', '110', '4710199037010', '张君雅小妹妹', '', '包', '0', '5', '4.3', '21.5', '', '0');
INSERT INTO `sc_item_inventory` VALUES ('217', '', '2018-05-26 21:34:27', '1', '1', '111', '6970383310406', '虾闹', '', '公斤', '0', '6', '8', '48', '', '0');
INSERT INTO `sc_item_inventory` VALUES ('218', '', '2018-05-26 21:39:19', '1', '1', '112', '8858702410823', '小老板海苔', '', '盒', '0', '12', '9.8', '117.6', '', '0');
INSERT INTO `sc_item_inventory` VALUES ('219', '', '2018-05-26 21:40:51', '1', '1', '113', '000072', '海玉石头饼', '', '公斤', '0', '3', '22', '66', '', '0');
INSERT INTO `sc_item_inventory` VALUES ('220', '', '2018-05-26 21:44:03', '1', '1', '114', '000073', '力诚小肉枣', '', '公斤', '0', '5', '42', '210', '', '0');
INSERT INTO `sc_item_inventory` VALUES ('221', '', '2018-05-26 21:45:09', '1', '1', '115', '000074', '力诚鳕鱼肠', '', '公斤', '0', '2.5', '50', '125', '', '0');
INSERT INTO `sc_item_inventory` VALUES ('222', 'LS180526010021', '2018-05-26 21:46:53', '-1', '10', '87', '000053', '沈师傅鸡蛋干', '', '公斤', '0', '0.086', '51.6', '4.44', '', '0');
INSERT INTO `sc_item_inventory` VALUES ('223', 'LS180526010021', '2018-05-26 21:46:53', '-1', '10', '29', '00005', '华美世家果冻', '', '公斤', '0', '0.442', '21.6', '9.55', '', '0');
INSERT INTO `sc_item_inventory` VALUES ('224', '', '2018-05-26 21:50:06', '1', '1', '117', '000075', '好利达鱿鱼条/丝', '', '公斤', '0', '5', '85', '425', '', '0');
INSERT INTO `sc_item_inventory` VALUES ('225', '', '2018-05-26 21:50:53', '1', '1', '118', '000076', '三牛香蕉酥', '', '公斤', '0', '8', '15.6', '124.8', '', '0');
INSERT INTO `sc_item_inventory` VALUES ('226', '', '2018-05-26 21:52:17', '1', '1', '119', '000077', '望月话梅瓜子', '', '公斤', '0', '5', '27', '135', '', '0');
INSERT INTO `sc_item_inventory` VALUES ('227', '', '2018-05-26 21:55:46', '1', '1', '120', '000079', '苏太太醉石尚花生', '', '公斤', '0', '5', '25', '125', '', '0');
INSERT INTO `sc_item_inventory` VALUES ('228', '', '2018-05-26 21:57:54', '1', '1', '121', '000080', '黄金蛋酥', '', '公斤', '0', '3', '56', '168', '', '0');
INSERT INTO `sc_item_inventory` VALUES ('229', '', '2018-05-26 22:00:58', '1', '1', '122', '6933096958617', '酥香阁瓜子仁', '', '公斤', '0', '2.5', '15.2', '38', '', '0');
INSERT INTO `sc_item_inventory` VALUES ('230', '', '2018-05-26 22:01:51', '1', '1', '123', '000083', '张先生拉面丸子', '', '公斤', '0', '9', '21.6', '194.4', '', '0');
INSERT INTO `sc_item_inventory` VALUES ('231', '', '2018-05-26 22:03:57', '1', '1', '124', '6930334532127', '苏太太蚕豆', '', '公斤', '0', '5', '21', '105', '', '0');
INSERT INTO `sc_item_inventory` VALUES ('232', '', '2018-05-26 22:06:28', '1', '1', '125', '000084', '小猪佩奇麻花', '', '公斤', '0', '2.5', '24', '60', '', '0');
INSERT INTO `sc_item_inventory` VALUES ('233', '', '2018-05-26 22:08:51', '1', '1', '126', '000085', '卡宾熊煎饼', '', '公斤', '0', '2', '30', '60', '', '0');
INSERT INTO `sc_item_inventory` VALUES ('234', '', '2018-05-26 22:11:21', '1', '1', '127', '000086', '宜莲居椰丝球', '', '公斤', '0', '3', '32', '96', '', '0');
INSERT INTO `sc_item_inventory` VALUES ('235', '', '2018-05-26 22:12:49', '1', '1', '128', '000087', '好好儿童肉松', '', '公斤', '0', '1.5', '56', '84', '', '0');
INSERT INTO `sc_item_inventory` VALUES ('236', 'LS180526010022', '2018-05-26 22:15:41', '-1', '10', '125', '000084', '小猪佩奇麻花', '', '公斤', '0', '0.172', '35.64', '6.13', '', '0');
INSERT INTO `sc_item_inventory` VALUES ('237', 'LS180526010022', '2018-05-26 22:15:41', '-1', '10', '122', '6933096958617', '酥香阁瓜子仁', '', '公斤', '0', '0.458', '24.84', '11.38', '', '0');
INSERT INTO `sc_item_inventory` VALUES ('238', 'LS180526010022', '2018-05-26 22:15:41', '-1', '10', '43', '000017', '莎布雷武士曲奇', '', '公斤', '0', '0.104', '57.6', '5.99', '', '0');
INSERT INTO `sc_item_inventory` VALUES ('239', 'LS180526010022', '2018-05-26 22:15:41', '-1', '10', '49', '000022', '芭米牛轧奶芙', '', '公斤', '0', '0.148', '42.84', '6.34', '', '0');
INSERT INTO `sc_item_inventory` VALUES ('240', 'LS180526010022', '2018-05-26 22:15:41', '-1', '10', '96', '000063', '百年树香菇脆', '', '公斤', '0', '0.154', '135', '20.79', '', '0');
INSERT INTO `sc_item_inventory` VALUES ('241', 'LS180526010022', '2018-05-26 22:15:41', '-1', '10', '100', '000066', '百年树综合果蔬干', '', '公斤', '0', '0.234', '64.44', '15.08', '', '0');
INSERT INTO `sc_item_inventory` VALUES ('242', 'LS180526010022', '2018-05-26 22:15:41', '-1', '10', '47', '000020', '爽露爽米酿', '', '公斤', '0', '0.18', '28.44', '5.12', '', '0');
INSERT INTO `sc_item_inventory` VALUES ('243', 'LS180526010022', '2018-05-26 22:15:41', '-1', '10', '84', '000043', '小滋时光山楂卷', '', '公斤', '0', '0.074', '35.64', '2.64', '', '0');
INSERT INTO `sc_item_inventory` VALUES ('244', '', '2018-05-26 22:19:26', '1', '1', '129', '000088', '陈吉小麻花', '', '公斤', '0', '10', '22', '220', '', '0');
INSERT INTO `sc_item_inventory` VALUES ('245', 'LS180526010023', '2018-05-26 22:20:25', '-1', '10', '17', '697055951999', '鑫宇石季黄桃罐头', '', '瓶', '0', '4', '8.5', '34', '', '0');
INSERT INTO `sc_item_inventory` VALUES ('246', '', '2018-05-27 12:48:10', '1', '1', '144', '000096', '九州扬香菇豆干', '', '公斤', '0', '15', '16', '240', '', '0');
INSERT INTO `sc_item_inventory` VALUES ('247', '', '2018-05-27 12:51:36', '1', '1', '145', '000097', '米多奇', '', '公斤', '0', '30', '17', '510', '', '0');
INSERT INTO `sc_item_inventory` VALUES ('248', '', '2018-05-27 12:53:50', '1', '1', '146', '000098', '一品奶农', '', '公斤', '0', '30', '15.2', '456', '', '0');
INSERT INTO `sc_item_inventory` VALUES ('249', 'LS180527010001', '2018-05-27 13:01:22', '-1', '10', '42', '000016', '小黄鱼', '', '公斤', '0', '0.176', '88.2', '15.52', '', '0');
INSERT INTO `sc_item_inventory` VALUES ('250', 'LS180527010002', '2018-05-27 13:06:03', '-1', '10', '53', '6949187398828', '手工原味蛋糕', '', '公斤', '0', '0.252', '35.64', '8.98', '', '0');
INSERT INTO `sc_item_inventory` VALUES ('251', 'LS180527010002', '2018-05-27 13:06:03', '-1', '10', '77', '000049', '卫龙小面筋', '', '公斤', '0', '0.054', '28.44', '1.54', '', '0');
INSERT INTO `sc_item_inventory` VALUES ('252', 'LS180527010002', '2018-05-27 13:06:03', '-1', '10', '33', '00008', '仟香百辣脆藕片', '', '公斤', '0', '0.068', '35.64', '2.42', '', '0');
INSERT INTO `sc_item_inventory` VALUES ('253', 'LS180527010002', '2018-05-27 13:06:03', '-1', '10', '33', '00008', '仟香百辣脆藕片', '', '公斤', '0', '0.038', '35.64', '1.35', '', '0');
INSERT INTO `sc_item_inventory` VALUES ('254', 'LS180527010002', '2018-05-27 13:06:03', '-1', '10', '39', '000014', '卫龙亲嘴烧', '', '公斤', '0', '0.066', '28.44', '1.88', '', '0');
INSERT INTO `sc_item_inventory` VALUES ('255', 'LS180527010002', '2018-05-27 13:06:03', '-1', '10', '53', '6949187398828', '手工原味蛋糕', '', '公斤', '0', '0.056', '35.64', '2', '', '0');
INSERT INTO `sc_item_inventory` VALUES ('256', '', '2018-05-27 13:11:07', '1', '1', '147', '000099', '世外桃源碧根果仁', '', '公斤', '0', '30', '124', '3720', '', '0');
INSERT INTO `sc_item_inventory` VALUES ('257', '', '2018-05-27 13:13:22', '1', '1', '148', '000100', '星球杯', '', '公斤', '0', '30', '40', '1200', '', '0');
INSERT INTO `sc_item_inventory` VALUES ('258', '', '2018-05-27 13:17:14', '1', '1', '149', '6937800608102', '夏小样', '', '公斤', '0', '30', '40', '1200', '', '0');
INSERT INTO `sc_item_inventory` VALUES ('259', '', '2018-05-27 13:20:20', '1', '1', '150', '000101', '米嘴薄脆', '', '默认单位', '0', '30', '10.4', '312', '', '0');
INSERT INTO `sc_item_inventory` VALUES ('260', '', '2018-05-27 13:32:26', '1', '1', '151', '000102', '唇动', '', '公斤', '0', '30', '0', '0', '', '0');
INSERT INTO `sc_item_inventory` VALUES ('261', 'LS180527010003', '2018-05-27 13:40:31', '-1', '10', '49', '000022', '芭米牛轧奶芙', '', '公斤', '0', '0.118', '47.6', '5.62', '', '0');
INSERT INTO `sc_item_inventory` VALUES ('262', 'LS180527010003', '2018-05-27 13:40:31', '-1', '10', '43', '000017', '莎布雷武士曲奇', '', '公斤', '0', '0.052', '64', '3.33', '', '0');
INSERT INTO `sc_item_inventory` VALUES ('263', 'LS180527010003', '2018-05-27 13:40:31', '-1', '10', '43', '000017', '莎布雷武士曲奇', '', '公斤', '0', '0.016', '64', '1.02', '', '0');
INSERT INTO `sc_item_inventory` VALUES ('264', 'LS180527010003', '2018-05-27 13:40:31', '-1', '10', '146', '000098', '一品奶农', '', '公斤', '0', '0.03', '31.6', '0.95', '', '0');
INSERT INTO `sc_item_inventory` VALUES ('265', 'LS180527010003', '2018-05-27 13:40:31', '-1', '10', '105', '000069', '哈儿爽口片', '', '公斤', '0', '0.016', '71.6', '1.15', '', '0');
INSERT INTO `sc_item_inventory` VALUES ('266', 'LS180527010003', '2018-05-27 13:40:31', '-1', '10', '56', '000026', '水军蟹香/海鲜锅巴', '', '默认单位', '0', '0.194', '58', '11.25', '', '0');
INSERT INTO `sc_item_inventory` VALUES ('267', 'LS180527010004', '2018-05-27 13:50:50', '-1', '10', '126', '000085', '卡宾熊煎饼', '', '公斤', '0', '0.236', '51.6', '12.18', '', '0');
INSERT INTO `sc_item_inventory` VALUES ('268', '', '2018-05-27 13:55:06', '1', '1', '152', '6923482400295', '脆脆同', '', '公斤', '0', '30', '0', '0', '', '0');
INSERT INTO `sc_item_inventory` VALUES ('269', '', '2018-05-27 14:01:26', '1', '1', '153', '000103', '珍芙咸面包', '', '公斤', '0', '50', '0', '0', '', '0');
INSERT INTO `sc_item_inventory` VALUES ('270', '', '2018-05-27 14:03:44', '1', '1', '154', '000104', '迷你蛋糕', '', '公斤', '0', '50', '0', '0', '', '0');
INSERT INTO `sc_item_inventory` VALUES ('271', '', '2018-05-27 14:04:49', '1', '1', '155', '6970242761165', '伯利尔', '', '公斤', '0', '50', '0', '0', '', '0');
INSERT INTO `sc_item_inventory` VALUES ('272', '', '2018-05-27 14:12:26', '1', '1', '156', '000105', '小猪佩奇桃酥', '', '公斤', '0', '50', '0', '0', '', '0');
INSERT INTO `sc_item_inventory` VALUES ('273', '', '2018-05-27 14:13:15', '1', '1', '157', '000106', '小猪佩奇牛奶曲奇', '', '公斤', '0', '50', '0', '0', '', '0');
INSERT INTO `sc_item_inventory` VALUES ('274', '', '2018-05-27 14:14:48', '1', '1', '158', '000107', '牛奶溶酪', '', '公斤', '0', '50', '0', '0', '', '0');
INSERT INTO `sc_item_inventory` VALUES ('275', '', '2018-05-27 14:17:52', '1', '1', '159', '000108', '理本', '', '包', '0', '50', '0', '0', '', '0');
INSERT INTO `sc_item_inventory` VALUES ('276', '', '2018-05-27 14:23:09', '1', '1', '160', '000109', '肉松小贝', '', '公斤', '0', '50', '0', '0', '', '0');
INSERT INTO `sc_item_inventory` VALUES ('277', '', '2018-05-27 14:26:29', '1', '1', '161', '4710199086704', '张君雅捏碎面', '', '包', '0', '40', '0', '0', '', '0');
INSERT INTO `sc_item_inventory` VALUES ('278', '', '2018-05-27 14:31:12', '1', '1', '162', '000110', '宁夏枸杞', '', '公斤', '0', '50', '0', '0', '', '0');
INSERT INTO `sc_item_inventory` VALUES ('279', '', '2018-05-27 14:31:58', '1', '1', '163', '000111', '米酥酥', '', '公斤', '0', '50', '0', '0', '', '0');
INSERT INTO `sc_item_inventory` VALUES ('280', '', '2018-05-27 14:34:33', '1', '1', '164', '000112', '菇小脆', '', '包', '0', '300', '0', '0', '', '0');
INSERT INTO `sc_item_inventory` VALUES ('281', '', '2018-05-27 14:36:54', '1', '1', '165', '000113', '世纪糖朝', '', '个', '0', '300', '0', '0', '', '0');
INSERT INTO `sc_item_inventory` VALUES ('282', '', '2018-05-27 14:40:23', '1', '1', '166', '6970341190439', '今统时光', '', '个', '0', '30', '0', '0', '', '0');
INSERT INTO `sc_item_inventory` VALUES ('283', 'LS180527010005', '2018-05-27 14:48:29', '-1', '10', '77', '000049', '卫龙小面筋', '', '公斤', '0', '0.098', '28.44', '2.79', '', '0');
INSERT INTO `sc_item_inventory` VALUES ('284', 'LS180527010005', '2018-05-27 14:48:29', '-1', '10', '78', '000050', '零食在这儿', '', '公斤', '0', '0.22', '28.44', '6.26', '', '0');
INSERT INTO `sc_item_inventory` VALUES ('285', 'LS180527010005', '2018-05-27 14:48:29', '-1', '10', '39', '000014', '卫龙亲嘴烧', '', '公斤', '0', '0.15', '28.44', '4.27', '', '0');
INSERT INTO `sc_item_inventory` VALUES ('286', 'LS180527010006', '2018-05-27 14:51:40', '-1', '10', '167', '000114', '真谷粒', '', '公斤', '0', '0.016', '39.6', '0.63', '', '0');
INSERT INTO `sc_item_inventory` VALUES ('287', 'LS180527010007', '2018-05-27 15:47:18', '-1', '10', '157', '000106', '小猪佩奇牛奶曲奇', '', '公斤', '0', '0.054', '39.6', '2.14', '', '0');
INSERT INTO `sc_item_inventory` VALUES ('288', 'LS180527010007', '2018-05-27 15:47:18', '-1', '10', '61', '000029', '嘉友大乃牛', '', '公斤', '0', '0.194', '39.6', '7.68', '', '0');
INSERT INTO `sc_item_inventory` VALUES ('289', 'LS180527010007', '2018-05-27 15:47:18', '-1', '10', '51', '000024', '法丽滋曲奇', '', '公斤', '0', '0.116', '47.6', '5.52', '', '0');
INSERT INTO `sc_item_inventory` VALUES ('290', 'LS180527010008', '2018-05-27 16:00:08', '-1', '10', '105', '000069', '哈儿爽口片', '', '公斤', '0', '0.042', '71.6', '3.01', '', '0');
INSERT INTO `sc_item_inventory` VALUES ('291', 'LS180527010009', '2018-05-27 16:04:35', '-1', '10', '149', '6937800608102', '夏小样', '', '公斤', '0', '0.03', '59.6', '1.79', '', '0');
INSERT INTO `sc_item_inventory` VALUES ('292', 'LS180527010010', '2018-05-27 16:43:15', '-1', '10', '17', '697055951999', '鑫宇石季黄桃罐头', '', '瓶', '0', '1', '8', '8', '', '0');
INSERT INTO `sc_item_inventory` VALUES ('293', 'LS180527010011', '2018-05-27 16:45:33', '-1', '10', '71', '000040', '久久丫鸭舌', '', '公斤', '0', '0.04', '225', '9', '', '0');
INSERT INTO `sc_item_inventory` VALUES ('294', 'LS180527010011', '2018-05-27 16:45:33', '-1', '10', '56', '000026', '水军蟹香/海鲜锅巴', '', '默认单位', '0', '0.096', '52.2', '5.01', '', '0');
INSERT INTO `sc_item_inventory` VALUES ('295', 'LS180527010011', '2018-05-27 16:45:33', '-1', '10', '69', '000038', '有友泡椒凤爪', '', '公斤', '0', '0.168', '59.04', '9.92', '', '0');
INSERT INTO `sc_item_inventory` VALUES ('296', 'LS180527010011', '2018-05-27 16:45:33', '-1', '10', '26', '6971342410151', '妙芙炒酸奶', '', '公斤', '0', '0.252', '28.44', '7.17', '', '0');
INSERT INTO `sc_item_inventory` VALUES ('297', 'LS180527010012', '2018-05-27 16:59:07', '-1', '10', '56', '000026', '水军蟹香/海鲜锅巴', '', '默认单位', '0', '0.094', '58', '5.45', '', '0');
INSERT INTO `sc_item_inventory` VALUES ('298', 'LS180527010012', '2018-05-27 16:59:07', '-1', '10', '23', '00001', '小牛酸奶', '', '公斤', '0', '0.62', '21.6', '13.39', '', '0');
INSERT INTO `sc_item_inventory` VALUES ('299', 'LS180527010012', '2018-05-27 16:59:07', '-1', '10', '53', '6949187398828', '手工原味蛋糕', '', '公斤', '0', '0.258', '39.6', '10.22', '', '0');
INSERT INTO `sc_item_inventory` VALUES ('300', 'LS180527010012', '2018-05-27 16:59:07', '-1', '10', '39', '000014', '卫龙亲嘴烧', '', '公斤', '0', '0.202', '31.6', '6.38', '', '0');
INSERT INTO `sc_item_inventory` VALUES ('301', 'LS180527010012', '2018-05-27 16:59:07', '-1', '10', '138', '6954598800099', '运气将军', '', '公斤', '0', '0.174', '47.6', '8.28', '', '0');
INSERT INTO `sc_item_inventory` VALUES ('302', 'LS180527010012', '2018-05-27 16:59:07', '-1', '10', '50', '000023', '芭米牛扎饼', '', '公斤', '0', '0.122', '47.6', '5.81', '', '0');
INSERT INTO `sc_item_inventory` VALUES ('303', 'LS180527010013', '2018-05-27 17:32:19', '-1', '10', '50', '000023', '芭米牛扎饼', '', '公斤', '0', '0.238', '47.6', '11.33', '', '0');
INSERT INTO `sc_item_inventory` VALUES ('304', 'LS180527010013', '2018-05-27 17:32:19', '-1', '10', '118', '000076', '三牛香蕉酥、牛奶圈', '', '公斤', '0', '0.086', '31.6', '2.72', '', '0');
INSERT INTO `sc_item_inventory` VALUES ('305', 'LS180527010013', '2018-05-27 17:32:19', '-1', '10', '118', '000076', '三牛香蕉酥、牛奶圈', '', '公斤', '0', '0.022', '31.6', '0.7', '', '0');
INSERT INTO `sc_item_inventory` VALUES ('306', 'LS180527010013', '2018-05-27 17:32:19', '-1', '10', '49', '000022', '芭米牛轧奶芙', '', '公斤', '0', '0.192', '47.6', '9.14', '', '0');
INSERT INTO `sc_item_inventory` VALUES ('307', 'LS180527010013', '2018-05-27 17:32:19', '-1', '10', '51', '000024', '法丽滋曲奇', '', '公斤', '0', '0.114', '47.6', '5.43', '', '0');
INSERT INTO `sc_item_inventory` VALUES ('308', 'LS180527010013', '2018-05-27 17:32:19', '-1', '10', '100', '000066', '百年树综合果蔬干', '', '公斤', '0', '0.106', '71.6', '7.59', '', '0');
INSERT INTO `sc_item_inventory` VALUES ('309', 'LS180527010013', '2018-05-27 17:32:19', '-1', '10', '69', '000038', '有友泡椒凤爪', '', '公斤', '0', '0.23', '65.6', '15.09', '', '0');
INSERT INTO `sc_item_inventory` VALUES ('310', 'LS180527010013', '2018-05-27 17:32:19', '-1', '10', '30', '00006', '喜之郎系列', '', '公斤', '0', '0.42', '31.6', '13.27', '', '0');
INSERT INTO `sc_item_inventory` VALUES ('311', 'LS180527010014', '2018-05-27 17:46:39', '-1', '10', '91', '000057', '骥洋五香/香辣鸭肫', '', '公斤', '0', '0.068', '84', '5.71', '', '0');
INSERT INTO `sc_item_inventory` VALUES ('312', 'LS180527010014', '2018-05-27 17:46:39', '-1', '10', '69', '000038', '有友泡椒凤爪', '', '公斤', '0', '0.05', '65.6', '3.28', '', '0');
INSERT INTO `sc_item_inventory` VALUES ('313', 'LS180527010014', '2018-05-27 17:46:39', '-1', '10', '42', '000016', '小黄鱼', '', '公斤', '0', '0.06', '98', '5.88', '', '0');
INSERT INTO `sc_item_inventory` VALUES ('314', 'LS180527010014', '2018-05-27 17:46:39', '-1', '10', '44', '6945425132865', '魏文清豆腐', '', '公斤', '0', '0.03', '31.6', '0.95', '', '0');
INSERT INTO `sc_item_inventory` VALUES ('315', 'LS180527010014', '2018-05-27 17:46:39', '-1', '10', '34', '00009', '炎亭渔夫鱼豆腐', '', '公斤', '0', '0.106', '51.6', '5.47', '', '0');
INSERT INTO `sc_item_inventory` VALUES ('316', 'LS180527010014', '2018-05-27 17:46:39', '-1', '10', '115', '000074', '力诚鳕鱼肠', '', '公斤', '0', '0.042', '71.6', '3.01', '', '0');
INSERT INTO `sc_item_inventory` VALUES ('317', 'LS180527010015', '2018-05-27 18:02:44', '-1', '10', '88', '000054', '宏泰记系列', '', '公斤', '0', '0.146', '35.64', '5.2', '', '0');
INSERT INTO `sc_item_inventory` VALUES ('318', 'LS180527010015', '2018-05-27 18:02:44', '-1', '10', '91', '000057', '骥洋五香/香辣鸭肫', '', '公斤', '0', '0.07', '75.6', '5.29', '', '0');
INSERT INTO `sc_item_inventory` VALUES ('319', 'LS180527010015', '2018-05-27 18:02:44', '-1', '10', '78', '000050', '零食在这儿', '', '公斤', '0', '0.062', '28.44', '1.76', '', '0');
INSERT INTO `sc_item_inventory` VALUES ('320', 'LS180527010015', '2018-05-27 18:02:44', '-1', '10', '77', '000049', '卫龙小面筋', '', '公斤', '0', '0.048', '28.44', '1.37', '', '0');
INSERT INTO `sc_item_inventory` VALUES ('321', 'LS180527010015', '2018-05-27 18:02:44', '-1', '10', '51', '000024', '法丽滋曲奇', '', '公斤', '0', '0.15', '42.84', '6.43', '', '0');
INSERT INTO `sc_item_inventory` VALUES ('322', 'LS180527010015', '2018-05-27 18:02:44', '-1', '10', '30', '00006', '喜之郎系列', '', '公斤', '0', '0.384', '28.44', '10.92', '', '0');
INSERT INTO `sc_item_inventory` VALUES ('323', 'LS180527010015', '2018-05-27 18:02:44', '-1', '10', '43', '000017', '莎布雷武士曲奇', '', '公斤', '0', '0.084', '57.6', '4.84', '', '0');
INSERT INTO `sc_item_inventory` VALUES ('324', 'LS180527010015', '2018-05-27 18:02:44', '-1', '10', '154', '000104', '迷你蛋糕', '', '公斤', '0', '0.112', '35.64', '3.99', '', '0');
INSERT INTO `sc_item_inventory` VALUES ('325', 'LS180527010015', '2018-05-27 18:02:44', '-1', '10', '138', '6954598800099', '运气将军', '', '公斤', '0', '0.086', '42.84', '3.68', '', '0');
INSERT INTO `sc_item_inventory` VALUES ('326', 'LS180527010015', '2018-05-27 18:02:44', '-1', '10', '60', '6950254900394', '夏果蜂蜜柠檬', '', '包', '0', '3', '2.25', '6.75', '', '0');
INSERT INTO `sc_item_inventory` VALUES ('327', 'LS180527010015', '2018-05-27 18:02:44', '-1', '10', '59', '6947366907533', '舒润达奶茶', '', '包', '0', '2', '2.7', '5.4', '', '0');
INSERT INTO `sc_item_inventory` VALUES ('328', 'LS180527010015', '2018-05-27 18:02:44', '-1', '10', '40', '6901496995068', '麦丽素', '', '公斤', '0', '3', '1.35', '4.05', '', '0');
INSERT INTO `sc_item_inventory` VALUES ('329', 'LS180527010016', '2018-05-27 18:14:54', '-1', '10', '161', '4710199086704', '张君雅捏碎面', '', '包', '0', '4', '3.15', '12.6', '', '0');
INSERT INTO `sc_item_inventory` VALUES ('330', 'LS180527010017', '2018-05-27 18:16:19', '-1', '10', '161', '4710199086704', '张君雅捏碎面', '', '包', '0', '4', '3.15', '12.6', '', '0');
INSERT INTO `sc_item_inventory` VALUES ('331', 'LS180527010017', '2018-05-27 18:16:19', '-1', '10', '30', '00006', '喜之郎系列', '', '公斤', '0', '0.538', '28.44', '15.3', '', '0');
INSERT INTO `sc_item_inventory` VALUES ('332', 'LS180527010017', '2018-05-27 18:16:19', '-1', '10', '149', '6937800608102', '夏小样', '', '公斤', '0', '0.118', '53.64', '6.33', '', '0');
INSERT INTO `sc_item_inventory` VALUES ('333', 'LS180527010018', '2018-05-27 18:23:47', '-1', '10', '112', '8858702410823', '小老板海苔', '', '盒', '0', '1', '15', '15', '', '0');
INSERT INTO `sc_item_inventory` VALUES ('334', 'LS180527010018', '2018-05-27 18:23:47', '-1', '10', '118', '000076', '三牛香蕉酥、牛奶圈', '', '公斤', '0', '0.17', '31.6', '5.37', '', '0');
INSERT INTO `sc_item_inventory` VALUES ('335', 'LS180527010019', '2018-05-27 18:36:17', '-1', '10', '158', '000107', '牛奶溶酪', '', '公斤', '0', '0.114', '51.6', '5.88', '', '0');
INSERT INTO `sc_item_inventory` VALUES ('336', 'LS180527010019', '2018-05-27 18:36:17', '-1', '10', '148', '000100', '星球杯', '', '公斤', '0', '0.114', '51.6', '5.88', '', '0');
INSERT INTO `sc_item_inventory` VALUES ('337', 'LS180527010019', '2018-05-27 18:36:17', '-1', '10', '152', '6923482400295', '脆脆同', '', '公斤', '0', '0.142', '31.6', '4.49', '', '0');
INSERT INTO `sc_item_inventory` VALUES ('338', 'LS180527010019', '2018-05-27 18:36:17', '-1', '10', '114', '000073', '力诚小肉枣', '', '公斤', '0', '0.39', '59.6', '23.24', '', '0');
INSERT INTO `sc_item_inventory` VALUES ('339', 'LS180527010019', '2018-05-27 18:36:17', '-1', '10', '103', '6954522410066', '怡可诺橡皮糖', '', '公斤', '0', '0.226', '51.6', '11.66', '', '0');
INSERT INTO `sc_item_inventory` VALUES ('340', 'LS180527010019', '2018-05-27 18:36:17', '-1', '10', '156', '000105', '小猪佩奇桃酥', '', '公斤', '0', '0.16', '39.6', '6.34', '', '0');
INSERT INTO `sc_item_inventory` VALUES ('341', 'LS180527010019', '2018-05-27 18:36:17', '-1', '10', '78', '000050', '零食在这儿', '', '公斤', '0', '0.252', '31.6', '7.96', '', '0');
INSERT INTO `sc_item_inventory` VALUES ('342', 'LS180527010020', '2018-05-27 18:40:10', '-1', '10', '78', '000050', '零食在这儿', '', '公斤', '0', '0.14', '28.44', '3.98', '', '0');
INSERT INTO `sc_item_inventory` VALUES ('343', 'LS180527010020', '2018-05-27 18:40:10', '-1', '10', '114', '000073', '力诚小肉枣', '', '公斤', '0', '0.154', '53.64', '8.26', '', '0');
INSERT INTO `sc_item_inventory` VALUES ('344', 'LS180527010020', '2018-05-27 18:40:10', '-1', '10', '87', '000053', '沈师傅鸡蛋干', '', '公斤', '0', '0.12', '46.44', '5.57', '', '0');
INSERT INTO `sc_item_inventory` VALUES ('345', 'LS180527010020', '2018-05-27 18:40:10', '-1', '10', '148', '000100', '星球杯', '', '公斤', '0', '0.158', '46.44', '7.34', '', '0');
INSERT INTO `sc_item_inventory` VALUES ('346', 'LS180527010020', '2018-05-27 18:40:10', '-1', '10', '146', '000098', '一品奶农', '', '公斤', '0', '0.078', '28.44', '2.22', '', '0');
INSERT INTO `sc_item_inventory` VALUES ('347', 'LS180527010021', '2018-05-27 18:48:18', '-1', '10', '152', '6923482400295', '脆脆同', '', '公斤', '0', '0.398', '28.44', '11.32', '', '0');
INSERT INTO `sc_item_inventory` VALUES ('348', 'LS180527010021', '2018-05-27 18:48:18', '-1', '10', '149', '6937800608102', '夏小样', '', '公斤', '0', '0.058', '53.64', '3.11', '', '0');
INSERT INTO `sc_item_inventory` VALUES ('349', 'LS180527010022', '2018-05-27 19:01:45', '-1', '10', '47', '000020', '爽露爽米酿', '', '公斤', '0', '0.184', '28.44', '5.23', '', '0');
INSERT INTO `sc_item_inventory` VALUES ('350', 'LS180527010022', '2018-05-27 19:01:45', '-1', '10', '13', '6921892302512', '奥林达台湾烧仙草', '', '盒', '0', '1', '13.5', '13.5', '', '0');
INSERT INTO `sc_item_inventory` VALUES ('351', '', '2018-05-27 19:15:34', '1', '1', '169', '000116', '咪咪', '', '包', '0', '50', '0', '0', '', '0');
INSERT INTO `sc_item_inventory` VALUES ('352', 'LS180527010023', '2018-05-27 19:32:01', '-1', '10', '51', '000024', '法丽滋曲奇', '', '公斤', '0', '0.39', '42.84', '16.71', '', '0');
INSERT INTO `sc_item_inventory` VALUES ('353', 'LS180527010023', '2018-05-27 19:32:01', '-1', '10', '150', '000101', '米嘴薄脆', '', '默认单位', '0', '0.596', '19.44', '11.59', '', '0');
INSERT INTO `sc_item_inventory` VALUES ('354', 'LS180527010024', '2018-05-27 19:58:58', '-1', '10', '112', '8858702410823', '小老板海苔', '', '盒', '0', '1', '13.5', '13.5', '', '0');
INSERT INTO `sc_item_inventory` VALUES ('355', 'LS180527010025', '2018-05-27 20:05:48', '-1', '10', '107', '000071', '三惠尖角脆', '', '公斤', '0', '0.244', '28.44', '6.94', '', '0');
INSERT INTO `sc_item_inventory` VALUES ('356', 'LS180527010026', '2018-05-27 20:24:34', '-1', '10', '137', '000092', '新麦潮天然酵母面包', '', '公斤', '0', '0.106', '35.64', '3.78', '', '0');
INSERT INTO `sc_item_inventory` VALUES ('357', 'LS180527010026', '2018-05-27 20:24:34', '-1', '10', '154', '000104', '迷你蛋糕', '', '公斤', '0', '0.114', '35.64', '4.06', '', '0');
INSERT INTO `sc_item_inventory` VALUES ('358', 'LS180527010026', '2018-05-27 20:24:34', '-1', '10', '123', '000083', '张先生拉面丸子', '', '公斤', '0', '0.122', '35.64', '4.35', '', '0');
INSERT INTO `sc_item_inventory` VALUES ('359', 'LS180527010026', '2018-05-27 20:24:34', '-1', '10', '54', '000025', '小白心里软', '', '公斤', '0', '0.048', '42.84', '2.06', '', '0');
INSERT INTO `sc_item_inventory` VALUES ('360', 'LS180527010026', '2018-05-27 20:24:34', '-1', '10', '43', '000017', '莎布雷武士曲奇', '', '公斤', '0', '0.05', '57.6', '2.88', '', '0');
INSERT INTO `sc_item_inventory` VALUES ('361', 'LS180527010026', '2018-05-27 20:24:34', '-1', '10', '58', '000028', '麦初心语慕斯雪芙', '', '公斤', '0', '0.094', '35.64', '3.35', '', '0');
INSERT INTO `sc_item_inventory` VALUES ('362', 'LS180527010026', '2018-05-27 20:24:34', '-1', '10', '153', '000103', '珍芙咸面包', '', '公斤', '0', '0.04', '35.64', '1.43', '', '0');
INSERT INTO `sc_item_inventory` VALUES ('363', 'LS180527010026', '2018-05-27 20:24:34', '-1', '10', '20', '4897075980216', '小猪佩奇水杯', '', '默认单位', '0', '1', '22.5', '22.5', '', '0');
INSERT INTO `sc_item_inventory` VALUES ('364', 'LS180527010026', '2018-05-27 20:24:34', '-1', '10', '112', '8858702410823', '小老板海苔', '', '盒', '0', '1', '13.5', '13.5', '', '0');
INSERT INTO `sc_item_inventory` VALUES ('365', 'LS180527010027', '2018-05-27 20:31:13', '-1', '10', '115', '000074', '力诚鳕鱼肠', '', '公斤', '0', '0.152', '64.44', '9.79', '', '0');
INSERT INTO `sc_item_inventory` VALUES ('366', 'LS180527010028', '2018-05-27 20:56:51', '-1', '10', '52', '8993175537445', '丽芝士纳宝帝奶酪味饼干', '', '包', '0', '1', '2.7', '2.7', '', '0');
INSERT INTO `sc_item_inventory` VALUES ('367', 'LS180527010028', '2018-05-27 20:56:51', '-1', '10', '117', '000075', '好利达鱿鱼条/丝', '', '公斤', '0', '0.046', '99', '4.55', '', '0');
INSERT INTO `sc_item_inventory` VALUES ('368', 'LS180527010028', '2018-05-27 20:56:51', '-1', '10', '88', '000054', '宏泰记系列', '', '公斤', '0', '0.166', '35.64', '5.92', '', '0');
INSERT INTO `sc_item_inventory` VALUES ('369', 'LS180527010028', '2018-05-27 20:56:51', '-1', '10', '140', '000094', '宏香记', '', '公斤', '0', '0.094', '88.2', '8.29', '', '0');
INSERT INTO `sc_item_inventory` VALUES ('370', 'LS180527010028', '2018-05-27 20:56:51', '-1', '10', '148', '000100', '星球杯', '', '公斤', '0', '0.192', '46.44', '8.92', '', '0');
INSERT INTO `sc_item_inventory` VALUES ('371', 'LS180527010029', '2018-05-27 21:27:38', '-1', '10', '9', '6958111900549', '健美滋山泉水', '', '瓶', '0', '2', '10', '20', '', '0');
INSERT INTO `sc_item_inventory` VALUES ('372', 'LS180527010029', '2018-05-27 21:27:38', '-1', '10', '108', '6957666000506', '宏途山药片', '', '包', '0', '1', '7', '7', '', '0');
INSERT INTO `sc_item_inventory` VALUES ('373', 'LS180527010030', '2018-05-27 23:00:47', '-1', '10', '133', '000089', '千业吐司面包', '', '公斤', '0', '0.05', '42.84', '2.14', '', '0');
INSERT INTO `sc_item_inventory` VALUES ('374', 'LS180527010030', '2018-05-27 23:00:47', '-1', '10', '155', '6970242761165', '伯利尔', '', '公斤', '0', '0.072', '35.64', '2.57', '', '0');
INSERT INTO `sc_item_inventory` VALUES ('375', 'LS180527010030', '2018-05-27 23:00:47', '-1', '10', '48', '6926416500078', '绿色趣味多烤芙条', '', '个', '0', '2', '2.25', '4.5', '', '0');
INSERT INTO `sc_item_inventory` VALUES ('376', 'LS180527010030', '2018-05-27 23:00:47', '-1', '10', '133', '000089', '千业吐司面包', '', '公斤', '0', '0.048', '42.84', '2.06', '', '0');
INSERT INTO `sc_item_inventory` VALUES ('377', 'LS180527010030', '2018-05-27 23:00:47', '-1', '10', '52', '8993175537445', '丽芝士纳宝帝奶酪味饼干', '', '包', '0', '1', '2.7', '2.7', '', '0');
INSERT INTO `sc_item_inventory` VALUES ('378', 'LS180527010030', '2018-05-27 23:00:47', '-1', '10', '61', '000029', '嘉友大乃牛', '', '公斤', '0', '0.072', '35.64', '2.57', '', '0');
INSERT INTO `sc_item_inventory` VALUES ('379', 'LS180528010002', '2018-05-28 15:15:42', '-1', '10', '7', '6902083914370', '娃哈哈钙多多', '', '个', '0', '1', '5', '5', '', '0');
INSERT INTO `sc_item_inventory` VALUES ('380', 'LS180528010003', '2018-05-28 15:17:42', '-1', '10', '7', '6902083914370', '娃哈哈钙多多', '', '个', '0', '1', '5', '5', '', '0');
INSERT INTO `sc_item_inventory` VALUES ('381', 'LS180528010004', '2018-05-28 15:24:08', '-1', '10', '10', '6971117600015', '水恋湾', '', '瓶', '0', '3', '10', '30', '', '0');
INSERT INTO `sc_item_inventory` VALUES ('382', 'LS180528010004', '2018-05-28 15:24:08', '-1', '10', '20', '4897075980216', '小猪佩奇水杯', '', '默认单位', '0', '1', '22.5', '22.5', '', '0');
INSERT INTO `sc_item_inventory` VALUES ('383', 'LS180528010004', '2018-05-28 15:24:08', '-1', '10', '11', '6971019512027', '益河源优体', '', '瓶', '0', '1', '5', '5', '', '0');
INSERT INTO `sc_item_inventory` VALUES ('384', 'LS180528010006', '2018-05-28 15:37:28', '-1', '10', '71', '000040', '久久丫鸭舌', '', '公斤', '0', '0.622', '225', '139.95', '', '0');
INSERT INTO `sc_item_inventory` VALUES ('385', 'LS180528010007', '2018-05-28 15:38:08', '-1', '10', '71', '000040', '久久丫鸭舌', '', '公斤', '0', '0.622', '225', '139.95', '', '0');
INSERT INTO `sc_item_inventory` VALUES ('386', 'LS180528010008', '2018-05-28 15:39:56', '-1', '10', '71', '000040', '久久丫鸭舌', '', '公斤', '0', '0.622', '225', '139.95', '', '0');

-- ----------------------------
-- Table structure for sc_item_unit
-- ----------------------------
DROP TABLE IF EXISTS `sc_item_unit`;
CREATE TABLE `sc_item_unit` (
  `id` int(11) NOT NULL,
  `name` varchar(255) DEFAULT NULL,
  `remark` varchar(255) DEFAULT NULL,
  `state` int(11) DEFAULT '0',
  `cloudState` int(11) DEFAULT '0',
  PRIMARY KEY (`id`)
) ENGINE=InnoDB DEFAULT CHARSET=utf8 ROW_FORMAT=COMPACT;

-- ----------------------------
-- Records of sc_item_unit
-- ----------------------------
INSERT INTO `sc_item_unit` VALUES ('1', '公斤', '', '0', '0');
INSERT INTO `sc_item_unit` VALUES ('2', '包', '', '0', '0');
INSERT INTO `sc_item_unit` VALUES ('3', '盒', '', '0', '0');
INSERT INTO `sc_item_unit` VALUES ('4', '瓶', '', '0', '0');
INSERT INTO `sc_item_unit` VALUES ('5', '袋', '', '0', '0');
INSERT INTO `sc_item_unit` VALUES ('6', '个', '', '0', '0');

-- ----------------------------
-- Table structure for sc_member
-- ----------------------------
DROP TABLE IF EXISTS `sc_member`;
CREATE TABLE `sc_member` (
  `no` varchar(255) NOT NULL,
  `type` int(11) DEFAULT '1',
  `name` varchar(255) DEFAULT NULL,
  `password` varchar(255) DEFAULT NULL,
  `type_id` int(11) DEFAULT NULL,
  `birthday` date DEFAULT NULL,
  `phone` varchar(255) DEFAULT NULL,
  `cardType` int(11) DEFAULT '1',
  `cardNo` varchar(255) DEFAULT NULL COMMENT '卡号',
  `deposit` double DEFAULT '0',
  `point` double DEFAULT '0',
  `remark` varchar(255) DEFAULT NULL,
  `state` int(11) DEFAULT '0',
  `cloudState` int(11) DEFAULT '0',
  PRIMARY KEY (`no`)
) ENGINE=InnoDB DEFAULT CHARSET=utf8 ROW_FORMAT=COMPACT;

-- ----------------------------
-- Records of sc_member
-- ----------------------------
INSERT INTO `sc_member` VALUES ('18050001', '1', '王周悦', '', '1', '1989-11-23', '18796162264', '1', '000011', '262.5', '0', '', '0', '0');
INSERT INTO `sc_member` VALUES ('18050002', '1', '依然', '', '1', '2018-05-27', '15162790722', '1', '000001', '608.2', '0', '', '0', '0');
INSERT INTO `sc_member` VALUES ('18050003', '1', '吴先生', null, '1', '2018-06-07', '18936483081', '1', '000002', '400', '0', null, '0', '0');

-- ----------------------------
-- Table structure for sc_member_deposit
-- ----------------------------
DROP TABLE IF EXISTS `sc_member_deposit`;
CREATE TABLE `sc_member_deposit` (
  `id` int(11) NOT NULL AUTO_INCREMENT,
  `no` varchar(255) DEFAULT NULL,
  `ioDateTime` datetime DEFAULT NULL,
  `ioFlag` int(11) DEFAULT NULL,
  `type` int(11) DEFAULT NULL,
  `member_no` varchar(255) DEFAULT NULL,
  `amount` double DEFAULT NULL,
  `remark` varchar(255) DEFAULT NULL COMMENT '写入充值付款多少',
  `cloudState` int(11) DEFAULT NULL,
  PRIMARY KEY (`id`)
) ENGINE=InnoDB AUTO_INCREMENT=10 DEFAULT CHARSET=utf8 ROW_FORMAT=COMPACT;

-- ----------------------------
-- Records of sc_member_deposit
-- ----------------------------
INSERT INTO `sc_member_deposit` VALUES ('1', 'LS180528010001', '2018-05-28 14:58:33', '1', '5', '18050001', '300', '王周悦[000011]', '0');
INSERT INTO `sc_member_deposit` VALUES ('2', 'LS180528010001', '2018-05-28 14:58:33', '1', '5', '18050001', '20', '王周悦[000011]', '0');
INSERT INTO `sc_member_deposit` VALUES ('3', 'LS180528010004', '2018-05-28 15:24:08', '-1', '1', '18050001', '57.5', '王周悦[000011]', '0');
INSERT INTO `sc_member_deposit` VALUES ('6', 'LS180528010005', '2018-05-28 15:36:47', '1', '5', '18050002', '888', '依然[000001]', '0');
INSERT INTO `sc_member_deposit` VALUES ('7', 'LS180528010007', '2018-05-28 15:38:08', '-1', '1', '18050002', '139.9', '依然[000001]', '0');
INSERT INTO `sc_member_deposit` VALUES ('8', 'LS180528010008', '2018-05-28 15:39:56', '-1', '1', '18050002', '139.9', '依然[000001]', '0');
INSERT INTO `sc_member_deposit` VALUES ('9', 'LS180528010009', '2018-05-28 15:41:49', '1', '13', '18050002', '0', '依然', '0');

-- ----------------------------
-- Table structure for sc_member_gift
-- ----------------------------
DROP TABLE IF EXISTS `sc_member_gift`;
CREATE TABLE `sc_member_gift` (
  `id` int(11) NOT NULL,
  `item_id` int(11) DEFAULT NULL,
  `barcode` varchar(255) DEFAULT NULL,
  `name` varchar(255) DEFAULT NULL,
  `point` int(11) DEFAULT NULL,
  `beginDate` date DEFAULT NULL,
  `endDate` date DEFAULT NULL,
  `state` int(11) DEFAULT '0',
  `cloudState` int(11) DEFAULT '0',
  PRIMARY KEY (`id`)
) ENGINE=InnoDB DEFAULT CHARSET=utf8 ROW_FORMAT=COMPACT;

-- ----------------------------
-- Records of sc_member_gift
-- ----------------------------

-- ----------------------------
-- Table structure for sc_member_point
-- ----------------------------
DROP TABLE IF EXISTS `sc_member_point`;
CREATE TABLE `sc_member_point` (
  `id` int(11) NOT NULL AUTO_INCREMENT,
  `no` varchar(255) DEFAULT NULL,
  `ioDateTime` datetime DEFAULT NULL,
  `ioFlag` int(11) DEFAULT NULL,
  `type` int(11) DEFAULT NULL COMMENT '积分增减 积分兑换 销售积分增加',
  `member_no` varchar(255) DEFAULT NULL,
  `amount` double DEFAULT NULL,
  `remark` varchar(255) DEFAULT NULL,
  `cloudState` int(11) DEFAULT NULL,
  PRIMARY KEY (`id`)
) ENGINE=InnoDB AUTO_INCREMENT=7 DEFAULT CHARSET=utf8 ROW_FORMAT=COMPACT;

-- ----------------------------
-- Records of sc_member_point
-- ----------------------------
INSERT INTO `sc_member_point` VALUES ('1', 'LS180528010002', '2018-05-28 15:15:42', '1', '1', '18050001', '0', '王周悦', '0');
INSERT INTO `sc_member_point` VALUES ('2', 'LS180528010004', '2018-05-28 15:24:08', '1', '1', '18050001', '0', '王周悦', '0');
INSERT INTO `sc_member_point` VALUES ('3', 'LS180528010006', '2018-05-28 15:37:28', '1', '1', '18050002', '0', '依然', '0');
INSERT INTO `sc_member_point` VALUES ('4', 'LS180528010007', '2018-05-28 15:38:08', '1', '1', '18050002', '0', '依然', '0');
INSERT INTO `sc_member_point` VALUES ('5', 'LS180528010008', '2018-05-28 15:39:56', '1', '1', '18050002', '0', '依然', '0');
INSERT INTO `sc_member_point` VALUES ('6', 'LS180528010009', '2018-05-28 15:41:49', '-1', '13', '18050002', '0', '依然', '0');

-- ----------------------------
-- Table structure for sc_member_type
-- ----------------------------
DROP TABLE IF EXISTS `sc_member_type`;
CREATE TABLE `sc_member_type` (
  `id` int(11) NOT NULL,
  `type` int(11) DEFAULT '1',
  `name` varchar(255) DEFAULT NULL,
  `discountType` int(11) DEFAULT NULL,
  `discount` double DEFAULT NULL,
  `depositFlag` int(11) DEFAULT NULL,
  `pointFlag` int(11) DEFAULT NULL,
  `pointRatio` double DEFAULT NULL COMMENT '积分倍数',
  `remark` varchar(255) DEFAULT NULL,
  `state` int(11) DEFAULT '0',
  `cloudState` int(11) DEFAULT '0',
  PRIMARY KEY (`id`)
) ENGINE=InnoDB DEFAULT CHARSET=utf8 ROW_FORMAT=COMPACT;

-- ----------------------------
-- Records of sc_member_type
-- ----------------------------
INSERT INTO `sc_member_type` VALUES ('1', '1', '储值卡', '2', '90', '1', '1', '10', '', '0', '0');

-- ----------------------------
-- Table structure for sc_promotion
-- ----------------------------
DROP TABLE IF EXISTS `sc_promotion`;
CREATE TABLE `sc_promotion` (
  `id` int(11) NOT NULL,
  `type` int(11) DEFAULT '1',
  `man` double DEFAULT '0',
  `jian` double DEFAULT '0',
  `zhe` int(11) DEFAULT '100',
  `targetType` int(11) DEFAULT NULL,
  `name` varchar(255) DEFAULT NULL,
  `beginDate` date DEFAULT NULL,
  `endDate` date DEFAULT NULL,
  `beginTime` time DEFAULT NULL,
  `endTime` time DEFAULT NULL,
  `mondayFlag` int(11) DEFAULT NULL,
  `tuesdayFlag` int(11) DEFAULT NULL,
  `wednesdayFlag` int(11) DEFAULT NULL,
  `thursdayFlag` int(11) DEFAULT NULL,
  `fridayFlag` int(11) DEFAULT NULL,
  `saturdayFlag` int(11) DEFAULT NULL,
  `sundayFlag` int(11) DEFAULT NULL,
  `state` int(11) DEFAULT '0',
  `cloudState` int(11) DEFAULT '0',
  PRIMARY KEY (`id`)
) ENGINE=InnoDB DEFAULT CHARSET=utf8 ROW_FORMAT=COMPACT;

-- ----------------------------
-- Records of sc_promotion
-- ----------------------------

-- ----------------------------
-- Table structure for sc_promotion_item
-- ----------------------------
DROP TABLE IF EXISTS `sc_promotion_item`;
CREATE TABLE `sc_promotion_item` (
  `promotion_id` int(11) DEFAULT NULL,
  `type` int(11) DEFAULT NULL COMMENT '促销类型',
  `item_id` int(11) DEFAULT NULL,
  `barcode` varchar(255) DEFAULT NULL,
  `name` varchar(255) DEFAULT NULL,
  `salePrice` double DEFAULT NULL,
  `memberPrice` double DEFAULT NULL,
  `price` double DEFAULT NULL COMMENT '促销价，第二杯半价，满减',
  `man` double DEFAULT NULL,
  `jian` double DEFAULT NULL,
  `zhe` int(11) DEFAULT NULL
) ENGINE=InnoDB DEFAULT CHARSET=utf8 ROW_FORMAT=COMPACT;

-- ----------------------------
-- Records of sc_promotion_item
-- ----------------------------

-- ----------------------------
-- Table structure for sc_supplier
-- ----------------------------
DROP TABLE IF EXISTS `sc_supplier`;
CREATE TABLE `sc_supplier` (
  `id` int(255) NOT NULL COMMENT '编号',
  `name` varchar(255) DEFAULT NULL COMMENT '姓名',
  `pinyin` varchar(255) DEFAULT NULL COMMENT '助记码',
  `linkman` varchar(255) DEFAULT NULL COMMENT '联系人',
  `phone` varchar(255) DEFAULT NULL COMMENT '联系人电话',
  `address` varchar(255) DEFAULT NULL COMMENT '地址',
  `nationalID` varchar(255) DEFAULT NULL,
  `economyID` varchar(255) DEFAULT NULL,
  `remark` varchar(255) DEFAULT NULL COMMENT '备注',
  `arrearage` double DEFAULT '0',
  `state` int(11) DEFAULT '0' COMMENT '状态',
  `cloudState` int(11) DEFAULT '0' COMMENT '云标志',
  PRIMARY KEY (`id`)
) ENGINE=InnoDB DEFAULT CHARSET=utf8 ROW_FORMAT=COMPACT;

-- ----------------------------
-- Records of sc_supplier
-- ----------------------------

-- ----------------------------
-- Table structure for sc_system_configure
-- ----------------------------
DROP TABLE IF EXISTS `sc_system_configure`;
CREATE TABLE `sc_system_configure` (
  `name` varchar(255) NOT NULL,
  `value` varchar(255) DEFAULT NULL,
  `flag` int(11) DEFAULT NULL,
  `remark` varchar(255) DEFAULT NULL,
  PRIMARY KEY (`name`)
) ENGINE=InnoDB DEFAULT CHARSET=utf8 ROW_FORMAT=COMPACT;

-- ----------------------------
-- Records of sc_system_configure
-- ----------------------------
INSERT INTO `sc_system_configure` VALUES ('system_verson', '3.8', null, null);

-- ----------------------------
-- Table structure for sc_system_pos
-- ----------------------------
DROP TABLE IF EXISTS `sc_system_pos`;
CREATE TABLE `sc_system_pos` (
  `id` int(11) DEFAULT NULL,
  `name` varchar(255) DEFAULT NULL,
  `registDateTime` datetime DEFAULT NULL,
  `remark` varchar(255) DEFAULT NULL
) ENGINE=InnoDB DEFAULT CHARSET=utf8 ROW_FORMAT=COMPACT;

-- ----------------------------
-- Records of sc_system_pos
-- ----------------------------

-- ----------------------------
-- Table structure for sc_warehouse
-- ----------------------------
DROP TABLE IF EXISTS `sc_warehouse`;
CREATE TABLE `sc_warehouse` (
  `id` int(11) NOT NULL,
  `name` varchar(255) DEFAULT NULL,
  `address` varchar(255) DEFAULT NULL,
  `remark` varchar(255) DEFAULT NULL,
  `state` int(11) DEFAULT '0',
  `cloudState` int(11) DEFAULT '0',
  PRIMARY KEY (`id`)
) ENGINE=InnoDB DEFAULT CHARSET=utf8 ROW_FORMAT=COMPACT;

-- ----------------------------
-- Records of sc_warehouse
-- ----------------------------

-- ----------------------------
-- Table structure for sc_warehouse_item
-- ----------------------------
DROP TABLE IF EXISTS `sc_warehouse_item`;
CREATE TABLE `sc_warehouse_item` (
  `warehouse_id` int(11) NOT NULL,
  `item_id` int(11) NOT NULL,
  `inventory` double DEFAULT NULL,
  PRIMARY KEY (`warehouse_id`,`item_id`)
) ENGINE=InnoDB DEFAULT CHARSET=utf8 ROW_FORMAT=COMPACT;

-- ----------------------------
-- Records of sc_warehouse_item
-- ----------------------------

-- ----------------------------
-- Table structure for smart_mobile_code_send
-- ----------------------------
DROP TABLE IF EXISTS `smart_mobile_code_send`;
CREATE TABLE `smart_mobile_code_send` (
  `id` int(11) NOT NULL AUTO_INCREMENT,
  `mobile` varchar(11) COLLATE utf8mb4_unicode_ci DEFAULT NULL,
  `last_send_time` varchar(50) COLLATE utf8mb4_unicode_ci DEFAULT NULL,
  `code` int(6) DEFAULT NULL,
  `remain_time` int(2) DEFAULT '10' COMMENT '当天手机验证码剩余次数',
  PRIMARY KEY (`id`),
  UNIQUE KEY `mobile_code_number` (`mobile`) USING BTREE
) ENGINE=InnoDB AUTO_INCREMENT=3 DEFAULT CHARSET=utf8mb4 COLLATE=utf8mb4_unicode_ci;

-- ----------------------------
-- Records of smart_mobile_code_send
-- ----------------------------
INSERT INTO `smart_mobile_code_send` VALUES ('1', '15162790722', '2018-06-06 11:51:17', '471861', '9');
INSERT INTO `smart_mobile_code_send` VALUES ('2', '18936483081', '2018-06-06 23:34:21', '552425', '8');

-- ----------------------------
-- Table structure for smart_mobile_code_send_history
-- ----------------------------
DROP TABLE IF EXISTS `smart_mobile_code_send_history`;
CREATE TABLE `smart_mobile_code_send_history` (
  `id` int(11) NOT NULL AUTO_INCREMENT,
  `mobile` varchar(11) COLLATE utf8mb4_unicode_ci DEFAULT NULL,
  `send_time` varchar(50) COLLATE utf8mb4_unicode_ci DEFAULT NULL,
  `send_code` int(6) DEFAULT NULL,
  PRIMARY KEY (`id`),
  KEY `mobilesend_his_mobile` (`mobile`) USING BTREE,
  KEY `mobilesend_his_time` (`send_time`) USING BTREE
) ENGINE=InnoDB AUTO_INCREMENT=4 DEFAULT CHARSET=utf8mb4 COLLATE=utf8mb4_unicode_ci;

-- ----------------------------
-- Records of smart_mobile_code_send_history
-- ----------------------------
INSERT INTO `smart_mobile_code_send_history` VALUES ('1', '15162790722', '2018-06-06 11:51:17', '471861');
INSERT INTO `smart_mobile_code_send_history` VALUES ('2', '18936483081', '2018-06-06 20:51:18', '549981');
INSERT INTO `smart_mobile_code_send_history` VALUES ('3', '18936483081', '2018-06-06 23:34:21', '552425');

-- ----------------------------
-- Table structure for weixin_account
-- ----------------------------
DROP TABLE IF EXISTS `weixin_account`;
CREATE TABLE `weixin_account` (
  `id` int(11) NOT NULL AUTO_INCREMENT,
  `open_id` varchar(50) DEFAULT NULL,
  `mobile` varchar(15) DEFAULT NULL,
  PRIMARY KEY (`id`),
  UNIQUE KEY `weixin_open_id` (`open_id`) USING BTREE,
  KEY `weixin_mobile` (`mobile`) USING BTREE
) ENGINE=InnoDB AUTO_INCREMENT=2 DEFAULT CHARSET=utf8;

-- ----------------------------
-- Records of weixin_account
-- ----------------------------
INSERT INTO `weixin_account` VALUES ('1', 'oqH-90aLdhE9em9ej4JwBvmPXGxw', '18936483081');
